event,disaster_type,year,month,day,full_date,cost,deaths,days_between
Southern Severe Storms and Flooding (April 1980),Flooding,1980,4,10,4/10/1980,2388.8,7,NA
Central/Eastern Drought/Heatwave (Summer-Fall 1980),Drought,1980,6,1,6/1/1980,33867.6,1260,52
Hurricane Allen (August 1980),Tropical Cyclone,1980,8,7,8/7/1980,1994.2,13,67
Florida Freeze (January 1981),Freeze,1981,1,12,1/12/1981,1727.4,0,NA
"Severe Storms, Flash Floods, Hail, Tornadoes (May 1981)",Severe Storm,1981,5,5,5/5/1981,1212.4,20,113
"Midwest/Southeast/Northeast Winter Storm, Cold Wave (January 1982)",Winter Storm,1982,1,8,1/8/1982,1846.9,85,NA
Midwest/Plains/Southeast Tornadoes (April 1982),Severe Storm,1982,4,2,4/2/1982,1348,33,84
Severe Storms (June 1982),Severe Storm,1982,5,31,5/31/1982,1339.2,30,59
Gulf States Storms and Flooding (December 1982-January 1983),Flooding,1982,12,1,12/1/1982,4285.8,45,184
Western Storms & Flooding (December 1982-March 1983),Flooding,1982,12,13,12/13/1982,4183.9,50,12
Southeast Drought (Summer 1983),Drought,1983,6,1,6/1/1983,7973.3,0,NA
Hurricane Alicia (August 1983),Tropical Cyclone,1983,8,17,8/17/1983,8070,21,77
"Freeze, Cold Wave (December 1983)",Freeze,1983,12,15,12/15/1983,5395.7,151,120
"Tornadoes, Severe Storms, Floods (Spring 1984)",Severe Storm,1984,3,27,3/27/1984,1555.9,80,NA
Severe Storms and Hail (June 1984),Severe Storm,1984,6,13,6/13/1984,1151.2,1,78
"Winter Storm, Cold Wave (January 1985)",Winter Storm,1985,1,19,1/19/1985,2083.9,150,NA
Florida Freeze (January 1985),Freeze,1985,1,20,1/20/1985,2988,0,1
Hurricane Elena (September 1985),Tropical Cyclone,1985,8,30,8/30/1985,3230.5,4,222
Hurricane Gloria (September 1985),Tropical Cyclone,1985,9,26,9/26/1985,2131.7,11,27
Hurricane Juan (October 1985),Tropical Cyclone,1985,10,27,10/27/1985,3726.9,63,31
"Virginia, West Virginia, Pennsylvania and Maryland Flooding (November 1985)",Flooding,1985,11,3,11/3/1985,3374,62,7
Western Severe Storms and Flooding (February 1986),Severe Storm,1986,2,14,2/14/1986,1271.4,13,NA
Southeast Drought/Heatwave (Summer 1986),Drought,1986,6,1,6/1/1986,4328.7,100,107
U.S. Drought/Heatwave (Summer 1988),Drought,1988,6,1,6/1/1988,45408.9,454,NA
Severe Storms (May 1989),Severe Storm,1989,5,1,5/1/1989,1196.9,21,NA
Northern Plains Drought (Summer-Fall 1989),Drought,1989,6,1,6/1/1989,6516.8,0,31
Hurricane Hugo (September 1989),Tropical Cyclone,1989,9,21,9/21/1989,19529.8,86,112
"Winter Storm, Cold Wave (December 1989)",Winter Storm,1989,12,21,12/21/1989,1475.3,100,91
Florida Freeze (December 1989),Freeze,1989,12,23,12/23/1989,4340,10,2
Southern Flooding (May 1990),Flooding,1990,5,11,5/11/1990,2074.2,13,NA
Colorado Hail Storm (July 1990),Severe Storm,1990,7,11,7/11/1990,1689.3,0,61
California Freeze (December 1990),Freeze,1990,12,18,12/18/1990,7004,0,160
U.S. Drought (Spring-Summer 1991),Drought,1991,3,1,3/1/1991,5866.6,0,NA
"Severe Storms, Tornadoes (March 1991)",Severe Storm,1991,3,26,3/26/1991,1257.8,0,25
Hurricane Bob (August 1991),Tropical Cyclone,1991,8,18,8/18/1991,2930.8,18,145
Oakland Firestorm (October 1991),Wildfire,1991,10,1,10/1/1991,6435,25,44
Severe Storms (March 1992),Severe Storm,1992,3,24,3/24/1992,1528.3,0,NA
"Hail, Tornadoes (April 1992)",Severe Storm,1992,4,28,4/28/1992,1813.4,0,35
"Severe Storms, Hail (June 1992)",Severe Storm,1992,6,19,6/19/1992,1421.2,0,52
Hurricane Andrew (August 1992),Tropical Cyclone,1992,8,23,8/23/1992,51300,61,65
Hurricane Iniki (September 1992),Tropical Cyclone,1992,9,11,9/11/1992,5890,7,19
Southeast Severe Weather (November 1992),Severe Storm,1992,11,21,11/21/1992,1248.3,26,71
Northeast Winter Storm (December 1992),Winter Storm,1992,12,10,12/10/1992,4717.8,19,19
East Coast Blizzard and Severe Weather (March 1993),Winter Storm,1993,3,11,3/11/1993,10169.8,270,NA
Southeast Drought/Heat Wave (Summer 1993),Drought,1993,6,1,6/1/1993,2314.7,16,82
Midwest Flooding (Summer 1993),Flooding,1993,6,27,6/27/1993,38568.1,48,26
Northern Plains and Ohio Valley Severe Weather (July 1993),Severe Storm,1993,7,8,7/8/1993,1172.1,1,11
California Wildfires (Fall 1993),Wildfire,1993,9,1,9/1/1993,2523.6,4,55
"Winter Storm, Cold Wave (January 1994)",Winter Storm,1994,1,17,1/17/1994,1872,70,NA
Southeast Ice Storm (February 1994),Winter Storm,1994,2,8,2/8/1994,5395.5,9,22
Midwest/Plains Tornadoes (April 1994),Severe Storm,1994,4,25,4/25/1994,1773.3,3,76
Western Fire Season (Summer-Fall 1994),Wildfire,1994,6,1,6/1/1994,1305,0,37
Tropical Storm Alberto (July 1994),Tropical Cyclone,1994,7,7,7/7/1994,1797.3,32,36
Texas Flooding (October 1994),Flooding,1994,10,16,10/16/1994,1800,19,101
California Flooding (January-March 1995),Flooding,1995,1,1,1/1/1995,4375,27,NA
South Plains Severe Weather (May 1995),Severe Storm,1995,5,5,5/5/1995,9601.3,32,124
"Central, Southern and Northeast Drought/Heatwave (September 1995)",Drought,1995,7,1,7/1/1995,1692.5,872,57
Hurricane Erin (August 1995),Tropical Cyclone,1995,8,1,8/1/1995,1487.5,6,31
Hurricane Marilyn (September 1995),Tropical Cyclone,1995,9,15,9/15/1995,3675,13,45
Hurricane Opal (October 1995),Tropical Cyclone,1995,10,4,10/4/1995,8205.8,27,19
Blizzard/Floods (January 1996),Winter Storm,1996,1,1,1/1/1996,5105.3,187,NA
Pacific Northwest Severe Flooding (February 1996),Flooding,1996,2,7,2/7/1996,1714.2,9,37
Southern Plains Drought (Spring-Summer 1996),Drought,1996,3,1,3/1/1996,3045.5,0,23
Hurricane Fran (September 1996),Tropical Cyclone,1996,9,5,9/5/1996,8512,37,188
West Coast Flooding (December 1996-January 1997),Flooding,1997,1,1,1/1/1997,4978.1,36,NA
Northern Plains Flooding (Spring 1997),Flooding,1997,2,3,2/3/1997,6066.2,11,33
Mississippi and Ohio Valley Severe Weather and Flooding (March 1997),Severe Storm,1997,2,28,2/28/1997,1613.1,67,25
Western/Eastern Severe Weather and Flooding (Winter-Spring 1998),Severe Storm,1997,12,1,12/1/1997,1657.6,132,276
Northeast Ice Storm (January 1998),Winter Storm,1998,1,5,1/5/1998,2284.9,16,NA
Minnesota Severe Storms/Hail (May 1998),Severe Storm,1998,5,15,5/15/1998,2658.9,1,130
"Severe Storms, Tornadoes (June 1998)",Severe Storm,1998,5,30,5/30/1998,1855.8,20,15
Southern Drought/Heat Wave (Summer 1998),Drought,1998,6,1,6/1/1998,5750.6,200,2
Tropical Storm Frances (September 1998),Tropical Cyclone,1998,8,8,8/8/1998,1141,2,68
Hurricane Bonnie (August 1998),Tropical Cyclone,1998,8,27,8/27/1998,1597.4,3,19
Hurricane Georges (September 1998),Tropical Cyclone,1998,9,20,9/20/1998,9754.9,16,24
Texas Flooding (October 1998),Flooding,1998,10,16,10/16/1998,1535.6,31,26
California Freeze (December 1998),Freeze,1998,12,20,12/20/1998,4075,0,65
Central and Eastern Winter Storm (January 1999),Winter Storm,1999,1,1,1/1/1999,1652,25,NA
Central and Eastern Winter Storm (Mid-January 1999),Winter Storm,1999,1,13,1/13/1999,1411.2,0,12
Oklahoma and Kansas Tornadoes (May 1999),Severe Storm,1999,5,3,5/3/1999,3219.4,55,110
Eastern Drought/Heatwave (Summer 1999),Drought,1999,6,1,6/1/1999,3998.1,502,29
Hurricane Floyd (September 1999),Tropical Cyclone,1999,9,14,9/14/1999,10385.6,77,105
Southeast Winter Storm (January 2000),Winter Storm,2000,1,21,1/21/2000,1101.4,4,NA
Western Fire Season (Spring-Summer 2000),Wildfire,2000,3,1,3/1/2000,1677,0,40
Western/Central/Southeast Drought/Heatwave (Spring-Fall 2000),Drought,2000,3,1,3/1/2000,7795.6,140,0
Southern Severe Weather (March 2000),Severe Storm,2000,3,28,3/28/2000,1062.6,0,27
South Florida Flooding (October 2000),Flooding,2000,10,3,10/3/2000,1404,3,189
Midwest/Ohio Valley Hail and Tornadoes (April 2001),Severe Storm,2001,4,6,4/6/2001,4642.3,3,NA
Tropical Storm Allison (June 2001),Tropical Cyclone,2001,6,5,6/5/2001,12783,43,60
U.S. Drought (Spring-Fall 2002),Drought,2002,3,1,3/1/2002,13419.7,0,NA
Severe Storms and Tornadoes (April 2002),Severe Storm,2002,4,27,4/27/2002,3119.8,7,57
Hurricane Lili (October 2002),Tropical Cyclone,2002,8,1,8/1/2002,1645.7,2,96
Western Fire Season (Fall 2002),Wildfire,2002,9,1,9/1/2002,1971.1,21,31
Tropical Storm Isidore (September 2002),Tropical Cyclone,2002,9,25,9/25/2002,1667.5,5,24
Eastern Tornadoes and Severe Storms (November 2002),Severe Storm,2002,11,9,11/9/2002,1044.1,28,45
Western/Central Drought/Heatwave (Spring-Fall 2003),Drought,2003,3,1,3/1/2003,7275.6,35,NA
Severe Storms/Hail (April 2003),Severe Storm,2003,4,4,4/4/2003,2909,3,34
Severe Storms/Tornadoes (May 2003),Severe Storm,2003,5,3,5/3/2003,5986.5,51,29
Midwest/Plains Severe Weather (July 2003),Severe Storm,2003,7,4,7/4/2003,1244.2,7,62
Severe Weather (July 2003),Severe Storm,2003,7,21,7/21/2003,1462.1,7,17
California Wildfires (Fall 2003),Wildfire,2003,9,1,9/1/2003,5640.9,22,42
Hurricane Isabel (September 2003),Tropical Cyclone,2003,9,18,9/18/2003,7951.8,55,17
"Severe Storms, Hail, Tornadoes (May 2004)",Severe Storm,2004,5,21,5/21/2004,1439.8,4,NA
Hurricane Charley (August 2004),Tropical Cyclone,2004,8,13,8/13/2004,22719.3,35,84
Hurricane Frances (September 2004),Tropical Cyclone,2004,9,3,9/3/2004,13916,48,21
Hurricane Ivan (September 2004),Tropical Cyclone,2004,9,12,9/12/2004,29110.9,57,9
Hurricane Jeanne (September 2004),Tropical Cyclone,2004,9,15,9/15/2004,10645.3,28,3
Midwest Drought (Spring-Summer 2005),Drought,2005,3,1,3/1/2005,2035.2,0,NA
Southeast Severe Weather (March 2005),Severe Storm,2005,3,24,3/24/2005,1193.7,0,23
Hurricane Dennis (July 2005),Tropical Cyclone,2005,7,9,7/9/2005,3443.1,15,107
Hurricane Katrina (August 2005),Tropical Cyclone,2005,8,25,8/25/2005,172540.6,1833,47
Hurricane Rita (September 2005),Tropical Cyclone,2005,9,20,9/20/2005,25530.1,119,26
Hurricane Wilma (October 2005),Tropical Cyclone,2005,10,24,10/24/2005,26220,35,34
Numerous Wildfires (2006),Wildfire,2006,1,1,1/1/2006,1951.4,28,NA
Midwest/Plains/Southeast Drought (Spring-Summer 2006),Drought,2006,3,1,3/1/2006,7977.2,0,59
Severe Storms and Tornadoes (March 2006),Severe Storm,2006,3,8,3/8/2006,1779.1,10,7
"Midwest/Southeast Tornadoes (April 6-8, 2006)",Severe Storm,2006,4,6,4/6/2006,2133.2,10,29
Midwest Tornadoes (April 2006),Severe Storm,2006,4,13,4/13/2006,3223.3,27,7
Northeast Flooding (June 2006),Flooding,2006,6,25,6/25/2006,2023.8,20,73
Central Severe Weather (October 2006),Severe Storm,2006,10,2,10/2/2006,1169.1,1,99
California Freeze (January 2007),Freeze,2007,1,11,1/11/2007,1820,1,NA
Spring Freeze (April 2007),Freeze,2007,4,4,4/4/2007,2657.2,0,83
East/South Severe Weather and Flooding (April 2007),Severe Storm,2007,4,13,4/13/2007,3260.2,9,9
Western Wildfires (Summer 2007),Wildfire,2007,6,1,6/1/2007,3563.8,12,49
Western/Eastern Drought/Heatwave (Summer-Fall 2007),Drought,2007,6,1,6/1/2007,4599.7,15,0
U.S. Drought (2008),Drought,2008,1,1,1/1/2008,8762.3,0,NA
"Western, Central and Northeast Severe Weather (January 2008)",Severe Storm,2008,1,4,1/4/2008,1227.8,12,3
Southeast Tornadoes and Severe Weather (February 2008),Severe Storm,2008,2,5,2/5/2008,1514.7,57,32
Southeast Tornadoes (March 2008),Severe Storm,2008,3,14,3/14/2008,1413.8,5,38
Midwest Flooding (Summer 2008),Flooding,2008,4,1,4/1/2008,12448.3,24,18
Southern Severe Weather (April 2008),Severe Storm,2008,4,9,4/9/2008,1299.6,2,8
Midwest Tornadoes and Severe Weather (May 2008),Severe Storm,2008,5,22,5/22/2008,3786.8,13,43
Midwest/Mid-Atlantic Severe Weather (June 2008),Severe Storm,2008,6,6,6/6/2008,2045,18,15
Hurricane Dolly (July 2008),Tropical Cyclone,2008,7,23,7/23/2008,1584.1,3,47
Hurricane Gustav (September 2008),Tropical Cyclone,2008,8,31,8/31/2008,7496.3,53,39
U.S. Wildfires (Fall 2008),Wildfire,2008,9,1,9/1/2008,1542.5,16,1
Hurricane Ike (September 2008),Tropical Cyclone,2008,9,12,9/12/2008,37498.5,112,11
Southwest/Great Plains Drought (2009),Drought,2009,1,1,1/1/2009,4365,0,NA
Southeast/Ohio Valley Severe Weather (February 2009),Severe Storm,2009,2,10,2/10/2009,2175.4,10,40
Midwest/Southeast Tornadoes (March 2009),Severe Storm,2009,3,25,3/25/2009,2050.7,0,43
South/Southeast Severe Weather & Tornadoes (April 2009),Severe Storm,2009,4,9,4/9/2009,1787.8,6,15
Central Tornadoes and Severe Weather (May 2009),Severe Storm,2009,5,7,5/7/2009,1059.1,7,28
Western Wildfires (Summer-Fall 2009),Wildfire,2009,6,1,6/1/2009,1264.9,10,25
"Midwest, South and East Severe Weather (June 2009)",Severe Storm,2009,6,9,6/9/2009,1660.3,0,8
Colorado Hail Storm (July 2009),Severe Storm,2009,7,20,7/20/2009,1250,0,41
Northeast Winter Storm (February 2010),Winter Storm,2010,2,9,2/9/2010,988.7,3,NA
Northeast Flooding (March 2010),Flooding,2010,3,1,3/1/2010,2231.5,11,20
East/South Flooding and Severe Weather (May 2010),Flooding,2010,4,30,4/30/2010,2742.3,32,60
"Oklahoma, Kansas, and Texas Tornadoes and Severe Weather (May 2010)",Severe Storm,2010,5,10,5/10/2010,4034,3,10
Rockies/Central/East Severe Weather (June 2010),Severe Storm,2010,6,10,6/10/2010,1090.3,2,31
Midwest/Northeast Severe Storms and Flooding (July 2010),Severe Storm,2010,7,20,7/20/2010,1147.5,0,40
Arizona Severe Weather (October 2010),Severe Storm,2010,10,5,10/5/2010,4598,0,77
Groundhog Day Blizzard (February 2011),Winter Storm,2011,2,1,2/1/2011,2135.1,36,NA
Southern Plains/Southwest Drought & Heat Wave (Spring-Summer 2011),Drought,2011,3,1,3/1/2011,14238.3,95,28
Mississippi River flooding (April-May 2011),Flooding,2011,4,1,4/1/2011,3553.3,7,31
Midwest/Southeast Tornadoes (April 2011),Severe Storm,2011,4,4,4/4/2011,3302.6,9,3
Southeast/Midwest Tornadoes (April 2011),Severe Storm,2011,4,8,4/8/2011,2593.4,0,4
Midwest/Southeast Tornadoes (April 2011),Severe Storm,2011,4,14,4/14/2011,2450.6,38,6
Ohio Valley/South Tornadoes (April 2011),Severe Storm,2011,4,19,4/19/2011,1234.6,0,5
Southeast/Ohio Valley/Midwest Tornadoes (April 2011),Severe Storm,2011,4,25,4/25/2011,12164.2,321,6
Missouri River flooding (May-June 2011),Flooding,2011,5,1,5/1/2011,2382.8,5,6
Midwest/Southeast Tornadoes (May 2011),Severe Storm,2011,5,22,5/22/2011,10825.2,177,21
"Texas, New Mexico, Arizona Wildfires (Summer-Fall 2011)",Wildfire,2011,6,1,6/1/2011,2166.6,5,10
Midwest/Southeast Tornadoes and Severe Weather (June 2011),Severe Storm,2011,6,18,6/18/2011,1829.3,3,17
Rockies and Midwest Severe Weather (July 2011),Severe Storm,2011,7,10,7/10/2011,1457.7,2,22
Midwest/Southeast Severe Weather (August 2011),Severe Storm,2011,8,17,8/17/2011,1370.3,0,38
Hurricane Irene (August 2011),Tropical Cyclone,2011,8,26,8/26/2011,16057.8,45,9
Tropical Storm Lee (September 2011),Tropical Cyclone,2011,9,1,9/1/2011,2989.8,21,6
U.S. Drought/Heatwave (2012),Drought,2012,1,1,1/1/2012,34804.2,123,NA
Southeast/Ohio Valley Tornadoes (March 2012),Severe Storm,2012,3,2,3/2/2012,3629.4,42,61
Texas Tornadoes (April 2012),Severe Storm,2012,4,2,4/2/2012,1177.7,0,31
Midwest Tornadoes (April 2012),Severe Storm,2012,4,13,4/13/2012,1303.4,6,11
Midwest/Ohio Valley Severe Weather (April-May 2012),Severe Storm,2012,4,28,4/28/2012,3800.5,1,15
Southern Plains/Midwest/Northeast Severe Weather (May 2012),Severe Storm,2012,5,25,5/25/2012,2672.3,1,27
Western Wildfires (Summer-Fall 2012),Wildfire,2012,6,1,6/1/2012,2016.7,8,7
Rockies/Southwest Severe Weather (June 2012),Severe Storm,2012,6,6,6/6/2012,3013.5,0,5
Plains/East/Northeast Severe Weather (June-July 2012),Severe Storm,2012,6,29,6/29/2012,3350.7,28,23
Hurricane Isaac (August 2012),Tropical Cyclone,2012,8,26,8/26/2012,3205.6,9,58
Hurricane Sandy (October 2012),Tropical Cyclone,2012,10,30,10/30/2012,75445.8,159,65
Southern Severe Weather (February 2013),Severe Storm,2013,2,24,2/24/2013,1042,1,NA
Western/Plains Drought/Heatwave (Spring-Fall 2013),Drought,2013,3,1,3/1/2013,11885.6,53,5
Southeast Severe Weather (March 2013),Severe Storm,2013,3,18,3/18/2013,2302.8,1,17
Midwest/Plains Severe Weather (April 2013),Severe Storm,2013,4,7,4/7/2013,1646.1,1,20
Illinois Flooding and Severe Weather (April 2013),Flooding,2013,4,16,4/16/2013,1227.8,4,9
Midwest/Plains/East Tornadoes (May 2013),Severe Storm,2013,5,18,5/18/2013,2736.4,27,32
Midwest/Plains/Northeast Tornadoes (May 2013),Severe Storm,2013,5,27,5/27/2013,2067.4,10,9
Midwest Severe Weather (August 2013),Severe Storm,2013,8,6,8/6/2013,1187.8,0,71
Colorado Flooding (September 2013),Flooding,2013,9,10,9/10/2013,1719.7,9,35
Ohio Valley Tornadoes (November 2013),Severe Storm,2013,11,17,11/17/2013,1243.2,8,68
Western Drought (2014),Drought,2014,1,1,1/1/2014,4426,0,NA
Midwest/Southeast/Northeast Winter Storm (January 2014),Winter Storm,2014,1,5,1/5/2014,2433.5,16,4
Plains Severe Weather (April 2014),Severe Storm,2014,4,2,4/2/2014,1594.8,0,87
Central Severe Weather (April 2014),Severe Storm,2014,4,12,4/12/2014,1019,0,10
Midwest/Southeast/Northeast Tornadoes and Flooding (April 2014),Severe Storm,2014,4,27,4/27/2014,1944.5,33,15
Rockies/Midwest/Eastern Severe Weather (May 2014),Severe Storm,2014,5,18,5/18/2014,4158.7,0,21
Rockies/Central Plains Severe Weather (June 2014),Severe Storm,2014,6,3,6/3/2014,2149.6,2,16
Michigan and Northeast Flooding (August 2014),Flooding,2014,8,11,8/11/2014,1155.5,2,69
Rockies/Plains Severe Weather (September 2014),Severe Storm,2014,9,29,9/29/2014,1568.4,0,49
Western Drought (2015),Drought,2015,1,1,1/1/2015,5046.7,0,NA
"Central and Eastern Winter storm, Cold Wave (February 2015)",Winter Storm,2015,2,14,2/14/2015,3347.2,30,44
Midwest/Ohio Valley Severe Weather (April 2015),Severe Storm,2015,4,7,4/7/2015,1757.8,2,52
South/Southeast Severe Weather (April 2015),Severe Storm,2015,4,18,4/18/2015,1450.9,0,11
South and Southeast Severe Weather (April 2015),Severe Storm,2015,4,24,4/24/2015,1048.1,3,6
Southern Plains Tornadoes (May 2015),Severe Storm,2015,5,6,5/6/2015,1437.5,4,12
Texas and Oklahoma Flooding and Severe Weather (May 2015),Flooding,2015,5,23,5/23/2015,2825.4,31,17
Western and Alaskan Wildfires (Summer-Fall 2015),Wildfire,2015,6,1,6/1/2015,3421.7,12,9
Central and Northeast Severe Weather (June 2015),Severe Storm,2015,6,21,6/21/2015,1324.3,1,20
South Carolina and East Coast Flooding (October 2015),Flooding,2015,10,1,10/1/2015,2258,25,102
Texas Tornadoes and Midwest Flooding (December 2015),Severe Storm,2015,12,26,12/26/2015,2217,50,86
West/Northeast/Southeast Drought (2016),Drought,2016,1,1,1/1/2016,3822.5,0,NA
Southeast and Eastern Tornadoes (February 2016),Severe Storm,2016,2,22,2/22/2016,1154.6,10,52
Texas and Louisiana Flooding (March 2016),Flooding,2016,3,8,3/8/2016,2547.2,5,15
Southern Severe Weather (March 2016),Severe Storm,2016,3,17,3/17/2016,1343.4,1,9
North Texas Hail Storm (March 2016),Severe Storm,2016,3,23,3/23/2016,2291.9,0,6
North/Central Texas Hail Storm (April 2016),Severe Storm,2016,4,10,4/10/2016,3883.5,0,18
Houston Flooding (April 2016),Flooding,2016,4,17,4/17/2016,2970.4,8,7
South/Southeast Tornadoes (April 2016),Severe Storm,2016,4,26,4/26/2016,2657.8,6,9
Plains Tornadoes and Central Severe Weather (May 2016),Severe Storm,2016,5,8,5/8/2016,1908.8,2,12
Rockies/Central Tornadoes and Severe Weather (May 2016),Severe Storm,2016,5,21,5/21/2016,1272.3,0,13
Western/Southeast Wildfires (Summer-Fall 2016),Wildfire,2016,6,1,6/1/2016,2658.5,21,11
West Virginia Flooding and Ohio Valley Tornadoes (June 2016),Flooding,2016,6,22,6/22/2016,1075.4,23,21
Rockies and Northeast Severe Weather (July 2016),Severe Storm,2016,7,28,7/28/2016,1626.7,0,36
Louisiana Flooding (August 2016),Flooding,2016,8,12,8/12/2016,11100,13,15
Hurricane Matthew (October 2016),Tropical Cyclone,2016,10,8,10/8/2016,11100,49,57
Southern Tornado Outbreak and Western Storms (January 2017),Severe Storm,2017,1,20,1/20/2017,1193.4,24,NA
California Flooding (February 2017),Flooding,2017,2,8,2/8/2017,1620,5,19
Central/Southeast Tornado Outbreak (March 2017),Severe Storm,2017,2,28,2/28/2017,1950.4,6,20
"North Dakota, South Dakota and Montana Drought (Spring-Fall 2017)",Drought,2017,3,1,3/1/2017,2675,0,1
Midwest Tornado Outbreak (March 2017),Severe Storm,2017,3,6,3/6/2017,2350.1,2,5
Southeast Freeze (March 2017),Freeze,2017,3,14,3/14/2017,1080,0,8
South/Southeast Severe Weather (March 2017),Severe Storm,2017,3,26,3/26/2017,2910.6,0,12
Missouri and Arkansas Flooding and Central Severe Weather (May 2017),Flooding,2017,4,25,4/25/2017,1791.7,20,30
Colorado Hail Storm and Central Severe Weather (May 2017),Severe Storm,2017,5,8,5/8/2017,3618,0,13
"Western Wildfires, California Firestorm (Summer-Fall 2017)",Wildfire,2017,6,1,6/1/2017,19265.4,54,24
Minnesota Hail Storm and Upper Midwest Severe Weather (June 2017),Severe Storm,2017,6,9,6/9/2017,2538,0,8
Midwest Severe Weather (June 2017),Severe Storm,2017,6,12,6/12/2017,1629.7,0,3
Midwest Severe Weather (June 2017),Severe Storm,2017,6,27,6/27/2017,1539,0,15
Hurricane Harvey (August 2017),Tropical Cyclone,2017,8,25,8/25/2017,133750,89,59
Hurricane Irma (September 2017),Tropical Cyclone,2017,9,6,9/6/2017,53500,97,12
Hurricane Maria (September 2017),Tropical Cyclone,2017,9,19,9/19/2017,96300,2981,13
Central and Eastern Winter Storm (January 2018),Winter Storm,2018,1,3,1/3/2018,1105.5,22,NA
Northeast Winter Storm (March 2018),Winter Storm,2018,3,1,3/1/2018,2325.7,9,57
Southeastern Tornadoes and Severe Weather (March 2018),Severe Storm,2018,3,18,3/18/2018,1539.1,0,17
Southern and Eastern Tornadoes and Severe Weather (April 2018),Severe Storm,2018,4,13,4/13/2018,1384.2,3,26
Central and Northeastern Severe Weather (May 2018),Severe Storm,2018,5,1,5/1/2018,1473.3,0,18
Central and Eastern Severe Weather (May 2018),Severe Storm,2018,5,13,5/13/2018,1438.9,5,12
Southwest/Southern Plains Drought (Summer-Fall 2018),Drought,2018,6,1,6/1/2018,3109.6,0,19
"Western Wildfires, California Firestorm (Summer-Fall 2018)",Wildfire,2018,6,1,6/1/2018,24960,106,0
Texas Hail Storm (June 2018),Severe Storm,2018,6,6,6/6/2018,1365,0,5
Colorado Hail Storm (June 2018),Severe Storm,2018,6,18,6/18/2018,2311.9,0,12
Central and Eastern Tornadoes and Severe Weather (July 2018),Severe Storm,2018,7,19,7/19/2018,1648.3,0,31
Rockies and Plains Hail Storms (August 2018),Severe Storm,2018,8,6,8/6/2018,1066,0,18
Hurricane Florence (September 2018),Tropical Cyclone,2018,9,13,9/13/2018,24960,53,38
Hurricane Michael (October 2018),Tropical Cyclone,2018,10,10,10/10/2018,25974,49,27
"Southeast, Ohio Valley and Northeast Severe Weather (February 2019)",Severe Storm,2019,2,23,2/23/2019,1287,2,NA
Missouri River and North Central Flooding (March 2019),Flooding,2019,3,14,3/14/2019,11048.9,3,19
"Mississippi River, Midwest and Southern Flooding (July 2019)",Flooding,2019,3,15,3/15/2019,6354.3,4,1
Texas Hail Storm (March 2019),Severe Storm,2019,3,22,3/22/2019,1581.1,0,7
Southern and Eastern Tornadoes and Severe Weather (April 2019),Severe Storm,2019,4,13,4/13/2019,1289.6,7,22
South and Southeast Severe Weather (May 2019),Severe Storm,2019,5,7,5/7/2019,1559.6,0,24
Central Severe Weather (May 2019),Severe Storm,2019,5,16,5/16/2019,1002.3,0,9
Arkansas River Flooding (June 2019),Flooding,2019,5,20,5/20/2019,3115.8,5,4
"Rockies, Central and Northeast Tornadoes and Severe Weather (May 2019)",Severe Storm,2019,5,26,5/26/2019,4633,3,6
California and Alaska Wildfires (Summer-Fall 2019),Wildfire,2019,6,1,6/1/2019,4635,3,6
Colorado Hail Storms (July 2019),Severe Storm,2019,7,4,7/4/2019,1038.2,0,33
Hurricane Dorian (September 2019),Tropical Cyclone,2019,8,28,8/28/2019,1658.3,10,55
Tropical Storm Imelda (September 2019),Tropical Cyclone,2019,9,17,9/17/2019,5100,5,20
Texas Tornadoes and Central Severe Weather (October 2019),Severe Storm,2019,10,20,10/20/2019,1752.3,2,33
Southeast Tornadoes and Northern Storms and Flooding (January 2020),Severe Storm,2020,1,10,1/10/2020,1172,10,NA
"South, East and Northeast Severe Weather (February 2020)",Severe Storm,2020,2,5,2/5/2020,1281,3,26
Tennessee Tornadoes and Southeast Severe Weather (March 2020),Severe Storm,2020,3,2,3/2/2020,2382.8,25,26
Midwest and Ohio Valley Severe Weather (March 2020),Severe Storm,2020,3,27,3/27/2020,2609.3,0,25
North Central and Ohio Valley Hail Storms and Severe Weather (April 2020),Severe Storm,2020,4,7,4/7/2020,2967.7,0,11
Southeast and Eastern Tornado Outbreak (April 2020),Severe Storm,2020,4,12,4/12/2020,3547.4,35,5
Southern Severe Weather (April 2020),Severe Storm,2020,4,21,4/21/2020,1390.6,3,9
"Central, Southern and Eastern Severe Weather (April 2020)",Severe Storm,2020,4,27,4/27/2020,1057.9,1,6
Central and Eastern Severe Weather (May 2020),Severe Storm,2020,5,3,5/3/2020,2176.3,2,6
"South, Central and Eastern Severe Weather (May 2020)",Severe Storm,2020,5,20,5/20/2020,1631.8,2,17
South Texas Hail Storms (May 2020),Severe Storm,2020,5,27,5/27/2020,1442,0,7
Western/Central Drought and Heatwave (Summer-Fall 2020),Drought,2020,6,1,6/1/2020,4540.1,45,5
Central Severe Weather (July 2020),Severe Storm,2020,7,10,7/10/2020,1219.9,0,39
Hurricane Hanna (July 2020),Tropical Cyclone,2020,7,25,7/25/2020,1085.8,0,15
"Western Wildfires - California, Oregon, Washington Firestorms (Fall 2020)",Wildfire,2020,8,1,8/1/2020,16614.5,46,7
Hurricane Isaias (August 2020),Tropical Cyclone,2020,8,3,8/3/2020,4804.7,16,2
Central Severe Weather - Derecho (August 2020),Severe Storm,2020,8,10,8/10/2020,11247.5,4,7
Hurricane Laura (August 2020),Tropical Cyclone,2020,8,27,8/27/2020,19180,42,17
Hurricane Sally (September 2020),Tropical Cyclone,2020,9,15,9/15/2020,7346.7,5,19
Hurricane Delta (October 2020),Tropical Cyclone,2020,10,9,10/9/2020,2895.9,5,24
Hurricane Zeta (October 2020),Tropical Cyclone,2020,10,28,10/28/2020,4395.6,6,19
Tropical Storm Eta (November 2020),Tropical Cyclone,2020,11,8,11/8/2020,1474.7,12,11
Western Drought and Heatwave (June 2021),Drought,2021,1,1,1/1/2021,TBD,138,NA
California Flooding and Severe Weather (January 2021),Flooding,2021,1,24,1/24/2021,1127.9,2,23
"Northwest, Central, Eastern Winter Storm and Cold Wave (February 2021)",Winter Storm,2021,2,10,2/10/2021,20375.6,172,17
Southeast Tornadoes and Severe Weather (March 2021),Severe Storm,2021,3,24,3/24/2021,1642.2,6,42
Eastern Severe Weather (March 2021),Severe Storm,2021,3,27,3/27/2021,1353.5,8,3
Texas Hail Storms (April 2021),Severe Storm,2021,4,12,4/12/2021,1238.3,0,16
Texas and Oklahoma Severe Weather (April 2021),Severe Storm,2021,4,27,4/27/2021,2366.4,0,15
Louisiana Flooding and Central Severe Weather (May 2021),Flooding,2021,5,15,5/15/2021,1275,5,18