Site,Nest,Tree,DBH,Stage,Ht
Olympic,TopCavity,DouglasFir,70,5.0,7
Olympic,TopCavity,DouglasFir,119,2.0,9
Olympic,TopCavity,DouglasFir,162,6.0,10
Olympic,TopCavity,DouglasFir,79,5.0,11
Olympic,TopCavity,DouglasFir,92,5.0,15
Olympic,TopCavity,DouglasFir,68,4.0,16
Olympic,TopCavity,DouglasFir,139,3.0,26
Olympic,TopCavity,DouglasFir,129,3.0,29
Olympic,TopCavity,DouglasFir,122,2.0,31
Olympic,TopCavity,DouglasFir,109,2.0,35
Olympic,TopCavity,DouglasFir,96,2.0,35
Olympic,TopCavity,DouglasFir,90,2.0,35
Olympic,TopCavity,DouglasFir,114,2.0,38
Olympic,TopCavity,DouglasFir,80,3.0,39
Olympic,TopCavity,DouglasFir,125,2.0,41
Olympic,TopCavity,DouglasFir,180,5.0,42
Olympic,TopCavity,DouglasFir,89,3.0,43
Olympic,TopCavity,DouglasFir,204,1.0,44
Olympic,TopCavity,DouglasFir,183,3.0,46
Olympic,TopCavity,DouglasFir,174,2.0,50
Olympic,TopCavity,DouglasFir,158,2.0,50
Olympic,TopCavity,DouglasFir,116,2.0,52
Olympic,TopCavity,DouglasFir,183,2.0,54
Olympic,TopCavity,DouglasFir,199,2.0,55
Olympic,TopCavity,DouglasFir,86,2.0,56
Olympic,TopCavity,DouglasFir,136,2.0,68
Olympic,TopCavity,WesternHemlock,87,4.0,12
Olympic,TopCavity,WesternHemlock,104,5.0,16
Olympic,TopCavity,WesternHemlock,41,5.0,16
Olympic,TopCavity,WesternHemlock,59,5.0,19
Olympic,TopCavity,WesternHemlock,59,2.0,33
Olympic,TopCavity,WesternHemlock,59,2.0,34
Olympic,TopCavity,WesternHemlock,78,3.0,34
Olympic,TopCavity,WesternHemlock,89,2.0,35
Olympic,TopCavity,WesternHemlock,85,2.0,36
Olympic,TopCavity,WesternHemlock,115,2.0,40
Olympic,TopCavity,WesternHemlock,100,2.0,45
Olympic,TopCavity,WesternHemlock,105,2.0,49
Olympic,TopCavity,WesternHemlock,106,2.0,50
Olympic,TopCavity,WesternHemlock,125,2.0,51
Olympic,TopCavity,WesternRedCedar,62,4.0,21
Olympic,TopCavity,WesternRedCedar,196,2.0,39
Olympic,TopCavity,WesternRedCedar,203,2.0,42
Olympic,TopCavity,WesternRedCedar,155,2.0,42
Olympic,TopCavity,WesternRedCedar,218,2.0,48
Olympic,TopCavity,WesternRedCedar,162,2.0,48
Olympic,TopCavity,WesternRedCedar,108,2.0,48
Olympic,TopCavity,WesternRedCedar,215,2.0,52
Olympic,TopCavity,WesternRedCedar,232,1.0,65
Olympic,TopCavity,Other,78,4.0,15
Olympic,TopCavity,Other,101,2.0,25
Olympic,TopCavity,Other,151,2.0,36
Interior,TopCavity,DouglasFir,92,,21
Interior,TopCavity,DouglasFir,91,,14
Interior,TopCavity,DouglasFir,94,,8
Interior,TopCavity,WesternRedCedar,150,,33
Interior,TopCavity,Other,67,,36
CoastN,TopCavity,DouglasFir,142,2.0,44
CoastN,TopCavity,DouglasFir,163,3.0,13
CoastN,TopCavity,DouglasFir,120,2.0,24
CoastN,TopCavity,DouglasFir,168,2.0,61
CoastN,TopCavity,DouglasFir,197,2.0,54
CoastN,TopCavity,DouglasFir,190,2.0,62
CoastN,TopCavity,DouglasFir,177,2.0,60
CoastN,TopCavity,DouglasFir,132,2.0,53
CoastN,TopCavity,DouglasFir,179,2.0,64
CoastN,TopCavity,DouglasFir,189,2.0,65
CoastN,TopCavity,DouglasFir,137,2.0,44
CoastN,TopCavity,DouglasFir,138,2.0,27
CoastN,TopCavity,DouglasFir,131,2.0,41
CoastN,TopCavity,DouglasFir,132,2.0,33
CoastN,TopCavity,DouglasFir,107,2.0,28
CoastN,TopCavity,DouglasFir,149,2.0,52
CoastN,TopCavity,DouglasFir,121,2.0,42
CoastN,TopCavity,DouglasFir,196,2.0,59
CoastN,TopCavity,DouglasFir,109,2.0,45
CoastN,TopCavity,DouglasFir,180,2.0,37
CoastN,TopCavity,DouglasFir,136,2.0,44
CoastN,TopCavity,DouglasFir,171,2.0,57
CoastN,TopCavity,DouglasFir,135,2.0,42
CoastN,TopCavity,DouglasFir,94,2.0,37
CoastN,TopCavity,DouglasFir,142,2.0,53
CoastN,TopCavity,DouglasFir,135,2.0,24
CoastN,TopCavity,DouglasFir,151,2.0,54
CoastN,TopCavity,DouglasFir,127,2.0,44
CoastN,TopCavity,DouglasFir,213,2.0,47
CoastN,TopCavity,DouglasFir,148,2.0,25
CoastN,TopCavity,DouglasFir,91,2.0,54
CoastN,TopCavity,DouglasFir,102,2.0,38
CoastN,TopCavity,DouglasFir,188,2.0,40
CoastN,TopCavity,DouglasFir,137,2.0,52
CoastN,TopCavity,DouglasFir,144,2.0,38
CoastN,TopCavity,DouglasFir,143,2.0,58
CoastN,TopCavity,DouglasFir,117,2.0,46
CoastN,TopCavity,DouglasFir,150,2.0,47
CoastN,TopCavity,DouglasFir,171,2.0,50
CoastN,TopCavity,DouglasFir,113,2.0,40
CoastN,TopCavity,DouglasFir,109,2.0,42
CoastN,TopCavity,DouglasFir,142,2.0,45
CoastN,TopCavity,DouglasFir,99,2.0,23
CoastN,TopCavity,DouglasFir,153,2.0,40
CoastN,TopCavity,DouglasFir,170,2.0,51
CoastN,TopCavity,DouglasFir,130,2.0,33
CoastN,TopCavity,DouglasFir,159,2.0,35
CoastN,TopCavity,DouglasFir,109,2.0,43
CoastN,TopCavity,DouglasFir,180,6.0,13
CoastN,TopCavity,DouglasFir,145,2.0,33
CoastN,TopCavity,DouglasFir,161,1.0,52
CoastN,TopCavity,DouglasFir,155,2.0,18
CoastN,TopCavity,DouglasFir,193,2.0,47
CoastN,TopCavity,DouglasFir,111,2.0,34
CoastN,TopCavity,DouglasFir,163,2.0,42
CoastN,TopCavity,DouglasFir,155,2.0,37
CoastN,TopCavity,DouglasFir,138,2.0,36
CoastN,TopCavity,DouglasFir,170,2.0,66
CoastN,TopCavity,DouglasFir,88,2.0,38
CoastN,TopCavity,DouglasFir,135,2.0,55
CoastN,TopCavity,DouglasFir,115,2.0,48
CoastN,TopCavity,DouglasFir,180,2.0,60
CoastN,TopCavity,DouglasFir,146,6.0,13
CoastN,TopCavity,DouglasFir,148,2.0,32
CoastN,TopCavity,DouglasFir,166,6.0,22
CoastN,TopCavity,DouglasFir,115,2.0,27
CoastN,TopCavity,DouglasFir,156,2.0,49
CoastN,TopCavity,DouglasFir,110,2.0,26
CoastN,TopCavity,DouglasFir,154,2.0,52
CoastN,TopCavity,DouglasFir,160,2.0,56
CoastN,TopCavity,DouglasFir,187,2.0,44
CoastN,TopCavity,DouglasFir,107,2.0,49
CoastN,TopCavity,DouglasFir,181,2.0,53
CoastN,TopCavity,DouglasFir,109,2.0,37
CoastN,TopCavity,DouglasFir,188,2.0,65
CoastN,TopCavity,DouglasFir,213,2.0,52
CoastN,TopCavity,DouglasFir,142,2.0,48
CoastN,TopCavity,DouglasFir,155,2.0,28
CoastN,TopCavity,DouglasFir,168,2.0,35
CoastN,TopCavity,DouglasFir,104,6.0,22
CoastN,TopCavity,DouglasFir,102,7.0,18
CoastN,TopCavity,DouglasFir,164,1.0,55
CoastN,TopCavity,DouglasFir,147,2.0,55
CoastN,TopCavity,DouglasFir,141,2.0,43
CoastN,TopCavity,DouglasFir,186,2.0,64
CoastN,TopCavity,DouglasFir,122,2.0,32
CoastN,TopCavity,DouglasFir,147,2.0,37
CoastN,TopCavity,DouglasFir,114,2.0,39
CoastN,TopCavity,DouglasFir,182,2.0,44
CoastN,TopCavity,DouglasFir,160,2.0,46
CoastN,TopCavity,DouglasFir,62,2.0,6
CoastN,TopCavity,DouglasFir,146,2.0,33
CoastN,TopCavity,DouglasFir,133,2.0,47
CoastN,TopCavity,DouglasFir,164,3.0,28
CoastN,TopCavity,DouglasFir,122,2.0,38
CoastN,TopCavity,DouglasFir,127,2.0,29
CoastN,TopCavity,DouglasFir,110,2.0,42
CoastN,TopCavity,DouglasFir,109,2.0,24
CoastN,TopCavity,DouglasFir,127,2.0,38
CoastN,TopCavity,DouglasFir,142,2.0,12
CoastN,TopCavity,DouglasFir,175,2.0,44
CoastN,TopCavity,DouglasFir,120,2.0,47
CoastN,TopCavity,DouglasFir,164,2.0,42
CoastN,TopCavity,DouglasFir,182,2.0,44
CoastN,TopCavity,DouglasFir,106,2.0,45
CoastN,TopCavity,DouglasFir,109,2.0,42
CoastN,TopCavity,DouglasFir,124,2.0,26
CoastN,TopCavity,DouglasFir,105,2.0,19
CoastN,TopCavity,DouglasFir,141,2.0,41
CoastN,TopCavity,DouglasFir,172,2.0,50
CoastN,TopCavity,DouglasFir,142,2.0,33
CoastN,TopCavity,DouglasFir,155,2.0,47
CoastN,TopCavity,DouglasFir,104,2.0,30
CoastN,TopCavity,DouglasFir,150,2.0,34
CoastN,TopCavity,DouglasFir,161,2.0,51
CoastN,TopCavity,DouglasFir,134,2.0,52
CoastN,TopCavity,DouglasFir,143,2.0,56
CoastN,TopCavity,DouglasFir,130,2.0,34
CoastN,TopCavity,DouglasFir,142,2.0,43
CoastN,TopCavity,DouglasFir,171,2.0,54
CoastN,TopCavity,DouglasFir,161,2.0,37
CoastN,TopCavity,DouglasFir,110,2.0,31
CoastN,TopCavity,DouglasFir,144,2.0,44
CoastN,TopCavity,DouglasFir,109,2.0,35
CoastN,TopCavity,DouglasFir,114,2.0,25
CoastN,TopCavity,DouglasFir,154,2.0,47
CoastN,TopCavity,DouglasFir,159,2.0,44
CoastN,TopCavity,DouglasFir,127,2.0,28
CoastN,TopCavity,DouglasFir,106,2.0,32
CoastN,TopCavity,DouglasFir,180,2.0,30
CoastN,TopCavity,DouglasFir,132,2.0,48
CoastN,TopCavity,DouglasFir,168,2.0,48
CoastN,TopCavity,DouglasFir,129,2.0,48
CoastN,TopCavity,DouglasFir,147,2.0,37
CoastN,TopCavity,DouglasFir,137,2.0,32
CoastN,TopCavity,DouglasFir,157,2.0,48
CoastN,TopCavity,DouglasFir,125,6.0,13
CoastN,TopCavity,DouglasFir,175,2.0,46
CoastN,TopCavity,DouglasFir,115,2.0,40
CoastN,TopCavity,DouglasFir,154,2.0,47
CoastN,TopCavity,DouglasFir,144,2.0,44
CoastN,TopCavity,DouglasFir,123,2.0,48
CoastN,TopCavity,DouglasFir,183,2.0,48
CoastN,TopCavity,DouglasFir,147,2.0,36
CoastN,TopCavity,DouglasFir,139,2.0,41
CoastN,TopCavity,DouglasFir,122,2.0,29
CoastN,TopCavity,DouglasFir,120,2.0,50
CoastN,TopCavity,DouglasFir,103,2.0,38
CoastN,TopCavity,DouglasFir,150,2.0,49
CoastN,TopCavity,DouglasFir,141,2.0,35
CoastN,TopCavity,DouglasFir,175,2.0,35
CoastN,TopCavity,DouglasFir,113,2.0,44
CoastN,TopCavity,DouglasFir,152,2.0,61
CoastN,TopCavity,DouglasFir,112,2.0,35
CoastN,TopCavity,DouglasFir,122,2.0,40
CoastN,TopCavity,DouglasFir,178,2.0,55
CoastN,TopCavity,DouglasFir,191,2.0,60
CoastN,TopCavity,DouglasFir,167,2.0,42
CoastN,TopCavity,DouglasFir,140,2.0,23
CoastN,TopCavity,DouglasFir,132,2.0,19
CoastN,TopCavity,DouglasFir,130,2.0,29
CoastN,TopCavity,DouglasFir,108,2.0,26
CoastN,TopCavity,DouglasFir,135,2.0,46
CoastN,TopCavity,DouglasFir,152,2.0,40
CoastN,TopCavity,DouglasFir,95,2.0,28
CoastN,TopCavity,DouglasFir,122,2.0,34
CoastN,TopCavity,DouglasFir,157,2.0,45
CoastN,TopCavity,DouglasFir,147,2.0,58
CoastN,TopCavity,DouglasFir,190,2.0,48
CoastN,TopCavity,DouglasFir,137,2.0,49
CoastN,TopCavity,DouglasFir,120,2.0,47
CoastN,TopCavity,DouglasFir,159,2.0,49
CoastN,TopCavity,DouglasFir,123,2.0,39
CoastN,TopCavity,DouglasFir,177,2.0,49
CoastN,TopCavity,DouglasFir,102,6.0,14
CoastN,TopCavity,DouglasFir,94,2.0,29
CoastN,TopCavity,DouglasFir,97,2.0,20
CoastN,TopCavity,DouglasFir,89,2.0,33
CoastN,TopCavity,DouglasFir,141,2.0,21
CoastN,TopCavity,DouglasFir,137,2.0,35
CoastN,TopCavity,DouglasFir,164,2.0,45
CoastN,TopCavity,DouglasFir,137,2.0,39
CoastN,TopCavity,DouglasFir,115,2.0,26
CoastN,TopCavity,DouglasFir,130,2.0,48
CoastN,TopCavity,DouglasFir,152,2.0,34
CoastN,TopCavity,DouglasFir,219,2.0,38
CoastN,TopCavity,DouglasFir,79,2.0,22
CoastN,TopCavity,DouglasFir,126,2.0,34
CoastN,TopCavity,DouglasFir,180,2.0,45
CoastN,TopCavity,DouglasFir,181,2.0,48
CoastN,TopCavity,DouglasFir,153,2.0,44
CoastN,TopCavity,DouglasFir,180,2.0,53
CoastN,TopCavity,DouglasFir,114,6.0,15
CoastN,TopCavity,DouglasFir,155,2.0,57
CoastN,TopCavity,DouglasFir,126,2.0,52
CoastN,TopCavity,DouglasFir,107,2.0,35
CoastN,TopCavity,DouglasFir,97,3.0,20
CoastN,TopCavity,DouglasFir,117,2.0,42
CoastN,TopCavity,DouglasFir,190,2.0,56
CoastN,TopCavity,DouglasFir,134,2.0,54
CoastN,TopCavity,DouglasFir,113,2.0,37
CoastN,TopCavity,DouglasFir,139,2.0,38
CoastN,TopCavity,DouglasFir,136,2.0,32
CoastN,TopCavity,DouglasFir,120,2.0,55
CoastN,TopCavity,DouglasFir,101,2.0,37
CoastN,TopCavity,DouglasFir,141,2.0,25
CoastN,TopCavity,DouglasFir,145,2.0,30
CoastN,TopCavity,DouglasFir,148,2.0,46
CoastN,TopCavity,DouglasFir,107,2.0,35
CoastN,TopCavity,DouglasFir,137,2.0,22
CoastN,TopCavity,DouglasFir,173,2.0,40
CoastN,TopCavity,DouglasFir,108,2.0,49
CoastN,TopCavity,DouglasFir,185,2.0,59
CoastN,TopCavity,DouglasFir,158,2.0,54
CoastN,TopCavity,DouglasFir,161,2.0,50
CoastN,TopCavity,DouglasFir,156,2.0,46
CoastN,TopCavity,DouglasFir,194,2.0,48
CoastN,TopCavity,DouglasFir,142,2.0,28
CoastN,TopCavity,DouglasFir,183,2.0,47
CoastN,TopCavity,DouglasFir,145,2.0,33
CoastN,TopCavity,DouglasFir,201,6.0,23
CoastN,TopCavity,DouglasFir,197,2.0,53
CoastN,TopCavity,DouglasFir,168,2.0,53
CoastN,TopCavity,DouglasFir,114,2.0,31
CoastN,TopCavity,DouglasFir,142,2.0,40
CoastN,TopCavity,DouglasFir,149,2.0,50
CoastN,TopCavity,DouglasFir,127,2.0,38
CoastN,TopCavity,DouglasFir,143,2.0,44
CoastN,TopCavity,DouglasFir,170,2.0,54
CoastN,TopCavity,DouglasFir,165,2.0,36
CoastN,TopCavity,DouglasFir,86,2.0,16
CoastN,TopCavity,DouglasFir,119,2.0,27
CoastN,TopCavity,DouglasFir,109,2.0,21
CoastN,TopCavity,DouglasFir,97,2.0,46
CoastN,TopCavity,DouglasFir,101,2.0,41
CoastN,TopCavity,DouglasFir,120,2.0,49
CoastN,TopCavity,DouglasFir,235,2.0,58
CoastN,TopCavity,DouglasFir,136,7.0,8
CoastN,TopCavity,DouglasFir,144,7.0,18
CoastN,TopCavity,DouglasFir,115,2.0,42
CoastN,TopCavity,DouglasFir,163,2.0,47
CoastN,TopCavity,DouglasFir,148,4.0,18
CoastN,TopCavity,DouglasFir,149,6.0,25
CoastN,TopCavity,DouglasFir,215,7.0,18
CoastN,TopCavity,DouglasFir,225,2.0,48
CoastN,TopCavity,DouglasFir,113,2.0,47
CoastN,TopCavity,DouglasFir,214,6.0,24
CoastN,TopCavity,DouglasFir,209,2.0,56
CoastN,TopCavity,DouglasFir,225,2.0,64
CoastN,TopCavity,DouglasFir,200,2.0,55
CoastN,TopCavity,DouglasFir,212,2.0,48
CoastN,TopCavity,DouglasFir,206,2.0,59
CoastN,TopCavity,DouglasFir,143,2.0,53
CoastN,TopCavity,DouglasFir,238,2.0,49
CoastN,TopCavity,DouglasFir,235,2.0,58
CoastN,TopCavity,DouglasFir,173,2.0,47
CoastN,TopCavity,DouglasFir,194,2.0,58
CoastN,TopCavity,DouglasFir,179,2.0,45
CoastN,TopCavity,DouglasFir,211,2.0,63
CoastN,TopCavity,DouglasFir,161,2.0,65
CoastN,TopCavity,DouglasFir,167,2.0,53
CoastN,TopCavity,DouglasFir,214,2.0,61
CoastN,TopCavity,DouglasFir,106,5.0,20
CoastN,TopCavity,DouglasFir,136,2.0,56
CoastN,TopCavity,DouglasFir,170,2.0,61
CoastN,TopCavity,DouglasFir,124,2.0,46
CoastN,TopCavity,DouglasFir,138,2.0,64
CoastN,TopCavity,DouglasFir,171,2.0,64
CoastN,TopCavity,DouglasFir,141,2.0,53
CoastN,TopCavity,DouglasFir,156,2.0,50
CoastN,TopCavity,DouglasFir,164,2.0,54
CoastN,TopCavity,DouglasFir,161,2.0,42
CoastN,TopCavity,DouglasFir,152,7.0,11
CoastN,TopCavity,DouglasFir,140,2.0,56
CoastN,TopCavity,DouglasFir,137,6.0,19
CoastN,TopCavity,DouglasFir,172,2.0,47
CoastN,TopCavity,DouglasFir,194,2.0,60
CoastN,TopCavity,DouglasFir,206,2.0,27
CoastN,TopCavity,DouglasFir,172,2.0,45
CoastN,TopCavity,DouglasFir,130,2.0,57
CoastN,TopCavity,DouglasFir,154,2.0,49
CoastN,TopCavity,DouglasFir,233,2.0,63
CoastN,TopCavity,DouglasFir,152,2.0,54
CoastN,TopCavity,DouglasFir,146,2.0,53
CoastN,TopCavity,DouglasFir,135,2.0,44
CoastN,TopCavity,DouglasFir,56,2.0,19
CoastN,TopCavity,DouglasFir,75,2.0,37
CoastN,TopCavity,DouglasFir,145,2.0,50
CoastN,TopCavity,DouglasFir,212,2.0,63
CoastN,TopCavity,DouglasFir,172,2.0,58
CoastN,TopCavity,DouglasFir,179,2.0,60
CoastN,TopCavity,DouglasFir,102,2.0,22
CoastN,TopCavity,DouglasFir,169,2.0,45
CoastN,TopCavity,DouglasFir,116,4.0,16
CoastN,TopCavity,WesternHemlock,95,2.0,36
CoastN,TopCavity,WesternRedCedar,142,2.0,40
CoastN,TopCavity,WesternRedCedar,118,6.0,17
CoastN,TopCavity,WesternRedCedar,124,2.0,39
CoastN,TopCavity,WesternRedCedar,168,2.0,47
CoastN,TopCavity,WesternRedCedar,244,2.0,45
CoastN,TopCavity,WesternRedCedar,205,2.0,50
CoastN,TopCavity,WesternRedCedar,126,2.0,25
CoastN,TopCavity,WesternRedCedar,151,7.0,13
CoastN,TopCavity,Other,104,2.0,39
CoastN,TopCavity,Other,102,2.0,26
CoastN,TopCavity,Other,114,6.0,14
CoastN,TopCavity,Other,132,6.0,14
CoastS,TopCavity,DouglasFir,107,1.0,22
CoastS,TopCavity,DouglasFir,130,1.0,25
CoastS,TopCavity,DouglasFir,157,1.0,25
CoastS,TopCavity,DouglasFir,146,1.0,26
CoastS,TopCavity,DouglasFir,122,1.0,26
CoastS,TopCavity,DouglasFir,173,1.0,26
CoastS,TopCavity,DouglasFir,109,1.0,27
CoastS,TopCavity,DouglasFir,100,1.0,29
CoastS,TopCavity,DouglasFir,165,1.0,30
CoastS,TopCavity,DouglasFir,162,1.0,30
CoastS,TopCavity,DouglasFir,130,1.0,30
CoastS,TopCavity,DouglasFir,132,1.0,30
CoastS,TopCavity,DouglasFir,87,1.0,31
CoastS,TopCavity,DouglasFir,129,1.0,32
CoastS,TopCavity,DouglasFir,122,1.0,34
CoastS,TopCavity,DouglasFir,112,1.0,34
CoastS,TopCavity,DouglasFir,157,1.0,34
CoastS,TopCavity,DouglasFir,145,1.0,34
CoastS,TopCavity,DouglasFir,116,1.0,35
CoastS,TopCavity,DouglasFir,103,1.0,37
CoastS,TopCavity,DouglasFir,114,1.0,37
CoastS,TopCavity,DouglasFir,132,1.0,37
CoastS,TopCavity,DouglasFir,191,1.0,37
CoastS,TopCavity,DouglasFir,138,1.0,38
CoastS,TopCavity,DouglasFir,122,1.0,38
CoastS,TopCavity,DouglasFir,114,1.0,39
CoastS,TopCavity,DouglasFir,124,1.0,40
CoastS,TopCavity,DouglasFir,122,1.0,40
CoastS,TopCavity,DouglasFir,165,1.0,40
CoastS,TopCavity,DouglasFir,90,1.0,40
CoastS,TopCavity,DouglasFir,119,1.0,40
CoastS,TopCavity,DouglasFir,154,1.0,41
CoastS,TopCavity,DouglasFir,102,1.0,43
CoastS,TopCavity,DouglasFir,137,1.0,43
CoastS,TopCavity,DouglasFir,152,1.0,43
CoastS,TopCavity,DouglasFir,116,1.0,43
CoastS,TopCavity,DouglasFir,99,1.0,44
CoastS,TopCavity,DouglasFir,141,1.0,44
CoastS,TopCavity,DouglasFir,130,1.0,46
CoastS,TopCavity,DouglasFir,132,1.0,46
CoastS,TopCavity,DouglasFir,109,1.0,47
CoastS,TopCavity,DouglasFir,137,1.0,49
CoastS,TopCavity,DouglasFir,135,2.0,16
CoastS,TopCavity,DouglasFir,69,2.0,19
CoastS,TopCavity,DouglasFir,76,2.0,19
CoastS,TopCavity,DouglasFir,74,2.0,20
CoastS,TopCavity,DouglasFir,180,2.0,21
CoastS,TopCavity,DouglasFir,105,2.0,22
CoastS,TopCavity,DouglasFir,114,2.0,23
CoastS,TopCavity,DouglasFir,84,2.0,24
CoastS,TopCavity,DouglasFir,113,2.0,24
CoastS,TopCavity,DouglasFir,122,2.0,25
CoastS,TopCavity,DouglasFir,124,2.0,25
CoastS,TopCavity,DouglasFir,160,2.0,25
CoastS,TopCavity,DouglasFir,120,2.0,26
CoastS,TopCavity,DouglasFir,112,2.0,26
CoastS,TopCavity,DouglasFir,94,2.0,27
CoastS,TopCavity,DouglasFir,76,2.0,27
CoastS,TopCavity,DouglasFir,93,2.0,28
CoastS,TopCavity,DouglasFir,94,2.0,28
CoastS,TopCavity,DouglasFir,91,2.0,29
CoastS,TopCavity,DouglasFir,100,2.0,29
CoastS,TopCavity,DouglasFir,147,2.0,29
CoastS,TopCavity,DouglasFir,112,2.0,29
CoastS,TopCavity,DouglasFir,117,2.0,30
CoastS,TopCavity,DouglasFir,109,2.0,30
CoastS,TopCavity,DouglasFir,127,2.0,30
CoastS,TopCavity,DouglasFir,100,2.0,30
CoastS,TopCavity,DouglasFir,135,2.0,30
CoastS,TopCavity,DouglasFir,89,2.0,31
CoastS,TopCavity,DouglasFir,97,2.0,31
CoastS,TopCavity,DouglasFir,119,2.0,31
CoastS,TopCavity,DouglasFir,93,2.0,31
CoastS,TopCavity,DouglasFir,107,2.0,31
CoastS,TopCavity,DouglasFir,117,2.0,32
CoastS,TopCavity,DouglasFir,170,2.0,32
CoastS,TopCavity,DouglasFir,122,2.0,32
CoastS,TopCavity,DouglasFir,130,2.0,32
CoastS,TopCavity,DouglasFir,136,2.0,32
CoastS,TopCavity,DouglasFir,130,2.0,32
CoastS,TopCavity,DouglasFir,121,2.0,32
CoastS,TopCavity,DouglasFir,89,2.0,32
CoastS,TopCavity,DouglasFir,102,2.0,32
CoastS,TopCavity,DouglasFir,91,2.0,33
CoastS,TopCavity,DouglasFir,100,2.0,33
CoastS,TopCavity,DouglasFir,122,2.0,33
CoastS,TopCavity,DouglasFir,79,2.0,33
CoastS,TopCavity,DouglasFir,124,2.0,33
CoastS,TopCavity,DouglasFir,142,2.0,34
CoastS,TopCavity,DouglasFir,152,2.0,34
CoastS,TopCavity,DouglasFir,76,2.0,34
CoastS,TopCavity,DouglasFir,71,2.0,34
CoastS,TopCavity,DouglasFir,130,2.0,34
CoastS,TopCavity,DouglasFir,104,2.0,34
CoastS,TopCavity,DouglasFir,124,2.0,34
CoastS,TopCavity,DouglasFir,137,2.0,34
CoastS,TopCavity,DouglasFir,102,2.0,34
CoastS,TopCavity,DouglasFir,140,2.0,34
CoastS,TopCavity,DouglasFir,117,2.0,35
CoastS,TopCavity,DouglasFir,114,2.0,35
CoastS,TopCavity,DouglasFir,139,2.0,35
CoastS,TopCavity,DouglasFir,114,2.0,35
CoastS,TopCavity,DouglasFir,117,2.0,35
CoastS,TopCavity,DouglasFir,132,2.0,35
CoastS,TopCavity,DouglasFir,102,2.0,35
CoastS,TopCavity,DouglasFir,130,2.0,36
CoastS,TopCavity,DouglasFir,119,2.0,36
CoastS,TopCavity,DouglasFir,122,2.0,36
CoastS,TopCavity,DouglasFir,124,2.0,36
CoastS,TopCavity,DouglasFir,98,2.0,36
CoastS,TopCavity,DouglasFir,117,2.0,36
CoastS,TopCavity,DouglasFir,117,2.0,36
CoastS,TopCavity,DouglasFir,109,2.0,37
CoastS,TopCavity,DouglasFir,150,2.0,37
CoastS,TopCavity,DouglasFir,179,2.0,37
CoastS,TopCavity,DouglasFir,173,2.0,37
CoastS,TopCavity,DouglasFir,131,2.0,37
CoastS,TopCavity,DouglasFir,100,2.0,38
CoastS,TopCavity,DouglasFir,129,2.0,38
CoastS,TopCavity,DouglasFir,158,2.0,38
CoastS,TopCavity,DouglasFir,119,2.0,38
CoastS,TopCavity,DouglasFir,84,2.0,38
CoastS,TopCavity,DouglasFir,117,2.0,38
CoastS,TopCavity,DouglasFir,165,2.0,38
CoastS,TopCavity,DouglasFir,124,2.0,39
CoastS,TopCavity,DouglasFir,117,2.0,39
CoastS,TopCavity,DouglasFir,160,2.0,39
CoastS,TopCavity,DouglasFir,109,2.0,39
CoastS,TopCavity,DouglasFir,136,2.0,39
CoastS,TopCavity,DouglasFir,137,2.0,39
CoastS,TopCavity,DouglasFir,145,2.0,39
CoastS,TopCavity,DouglasFir,94,2.0,39
CoastS,TopCavity,DouglasFir,165,2.0,39
CoastS,TopCavity,DouglasFir,112,2.0,40
CoastS,TopCavity,DouglasFir,144,2.0,40
CoastS,TopCavity,DouglasFir,109,2.0,40
CoastS,TopCavity,DouglasFir,119,2.0,40
CoastS,TopCavity,DouglasFir,170,2.0,41
CoastS,TopCavity,DouglasFir,132,2.0,41
CoastS,TopCavity,DouglasFir,150,2.0,41
CoastS,TopCavity,DouglasFir,119,2.0,41
CoastS,TopCavity,DouglasFir,155,2.0,41
CoastS,TopCavity,DouglasFir,170,2.0,41
CoastS,TopCavity,DouglasFir,79,2.0,41
CoastS,TopCavity,DouglasFir,114,2.0,41
CoastS,TopCavity,DouglasFir,142,2.0,41
CoastS,TopCavity,DouglasFir,145,2.0,41
CoastS,TopCavity,DouglasFir,135,2.0,42
CoastS,TopCavity,DouglasFir,135,2.0,43
CoastS,TopCavity,DouglasFir,113,2.0,43
CoastS,TopCavity,DouglasFir,150,2.0,43
CoastS,TopCavity,DouglasFir,169,2.0,43
CoastS,TopCavity,DouglasFir,135,2.0,43
CoastS,TopCavity,DouglasFir,64,2.0,43
CoastS,TopCavity,DouglasFir,124,2.0,44
CoastS,TopCavity,DouglasFir,94,2.0,44
CoastS,TopCavity,DouglasFir,130,2.0,44
CoastS,TopCavity,DouglasFir,118,2.0,44
CoastS,TopCavity,DouglasFir,152,2.0,44
CoastS,TopCavity,DouglasFir,160,2.0,45
CoastS,TopCavity,DouglasFir,170,2.0,45
CoastS,TopCavity,DouglasFir,117,2.0,45
CoastS,TopCavity,DouglasFir,154,2.0,45
CoastS,TopCavity,DouglasFir,147,2.0,45
CoastS,TopCavity,DouglasFir,147,2.0,46
CoastS,TopCavity,DouglasFir,146,2.0,47
CoastS,TopCavity,DouglasFir,112,2.0,47
CoastS,TopCavity,DouglasFir,153,2.0,48
CoastS,TopCavity,DouglasFir,130,2.0,48
CoastS,TopCavity,DouglasFir,141,2.0,49
CoastS,TopCavity,DouglasFir,114,2.0,49
CoastS,TopCavity,DouglasFir,173,2.0,49
CoastS,TopCavity,DouglasFir,132,2.0,49
CoastS,TopCavity,DouglasFir,132,2.0,49
CoastS,TopCavity,DouglasFir,116,2.0,50
CoastS,TopCavity,DouglasFir,140,2.0,51
CoastS,TopCavity,DouglasFir,144,2.0,51
CoastS,TopCavity,DouglasFir,132,2.0,52
CoastS,TopCavity,DouglasFir,163,2.0,52
CoastS,TopCavity,DouglasFir,152,2.0,52
CoastS,TopCavity,DouglasFir,150,2.0,54
CoastS,TopCavity,DouglasFir,151,2.0,58
CoastS,TopCavity,DouglasFir,162,2.0,58
CoastS,TopCavity,DouglasFir,178,2.0,60
CoastS,TopCavity,DouglasFir,177,2.0,71
CoastS,TopCavity,DouglasFir,132,3.0,14
CoastS,TopCavity,DouglasFir,113,3.0,17
CoastS,TopCavity,DouglasFir,160,3.0,17
CoastS,TopCavity,DouglasFir,127,3.0,18
CoastS,TopCavity,DouglasFir,109,3.0,20
CoastS,TopCavity,DouglasFir,132,4.0,7
CoastS,TopCavity,DouglasFir,93,4.0,18
CoastS,TopCavity,DouglasFir,130,4.0,21
CoastS,TopCavity,DouglasFir,137,4.0,24
CoastS,TopCavity,DouglasFir,99,6.0,15
CoastS,TopCavity,DouglasFir,122,6.0,22
CoastS,TopCavity,DouglasFir,114,7.0,14
CoastS,TopCavity,DouglasFir,122,2.0,36
CoastS,TopCavity,DouglasFir,107,2.0,35
CoastS,TopCavity,DouglasFir,109,2.0,35
CoastS,TopCavity,DouglasFir,112,2.0,35
CoastS,TopCavity,DouglasFir,117,2.0,35
CoastS,TopCavity,DouglasFir,117,2.0,35
CoastS,TopCavity,DouglasFir,132,2.0,35
CoastS,TopCavity,DouglasFir,137,2.0,35
CoastS,TopCavity,DouglasFir,141,2.0,35
CoastS,TopCavity,DouglasFir,159,2.0,35
CoastS,TopCavity,DouglasFir,168,2.0,35
CoastS,TopCavity,DouglasFir,175,2.0,35
CoastS,TopCavity,DouglasFir,95,2.0,36
CoastS,TopCavity,DouglasFir,155,2.0,37
CoastS,TopCavity,DouglasFir,109,2.0,36
CoastS,TopCavity,DouglasFir,152,2.0,34
CoastS,TopCavity,DouglasFir,137,2.0,36
CoastS,TopCavity,DouglasFir,138,2.0,36
CoastS,TopCavity,DouglasFir,145,2.0,36
CoastS,TopCavity,DouglasFir,145,2.0,36
CoastS,TopCavity,DouglasFir,152,2.0,36
CoastS,TopCavity,DouglasFir,159,6.0,36
CoastS,TopCavity,DouglasFir,165,2.0,36
CoastS,TopCavity,DouglasFir,89,2.0,37
CoastS,TopCavity,DouglasFir,91,2.0,37
CoastS,TopCavity,DouglasFir,94,2.0,37
CoastS,TopCavity,DouglasFir,101,2.0,37
CoastS,TopCavity,DouglasFir,113,2.0,37
CoastS,TopCavity,DouglasFir,127,2.0,32
CoastS,TopCavity,DouglasFir,162,2.0,33
CoastS,TopCavity,DouglasFir,127,2.0,42
CoastS,TopCavity,DouglasFir,148,2.0,32
CoastS,TopCavity,DouglasFir,175,2.0,32
CoastS,TopCavity,DouglasFir,71,2.0,33
CoastS,TopCavity,DouglasFir,89,2.0,33
CoastS,TopCavity,DouglasFir,102,2.0,33
CoastS,TopCavity,DouglasFir,109,2.0,33
CoastS,TopCavity,DouglasFir,117,2.0,33
CoastS,TopCavity,DouglasFir,118,2.0,33
CoastS,TopCavity,DouglasFir,132,2.0,33
CoastS,TopCavity,DouglasFir,143,2.0,33
CoastS,TopCavity,DouglasFir,145,2.0,33
CoastS,TopCavity,DouglasFir,145,2.0,33
CoastS,TopCavity,DouglasFir,107,2.0,35
CoastS,TopCavity,DouglasFir,142,2.0,34
CoastS,TopCavity,DouglasFir,161,2.0,37
CoastS,TopCavity,DouglasFir,152,2.0,34
CoastS,TopCavity,DouglasFir,150,2.0,34
CoastS,TopCavity,DouglasFir,143,2.0,34
CoastS,TopCavity,DouglasFir,142,2.0,34
CoastS,TopCavity,DouglasFir,147,2.0,33
CoastS,TopCavity,DouglasFir,142,2.0,34
CoastS,TopCavity,DouglasFir,155,2.0,33
CoastS,TopCavity,DouglasFir,130,2.0,34
CoastS,TopCavity,DouglasFir,126,2.0,34
CoastS,TopCavity,DouglasFir,122,2.0,34
CoastS,TopCavity,DouglasFir,106,2.0,34
CoastS,TopCavity,DouglasFir,180,2.0,33
CoastS,TopCavity,DouglasFir,157,2.0,34
CoastS,TopCavity,DouglasFir,142,2.0,34
CoastS,TopCavity,DouglasFir,127,2.0,41
CoastS,TopCavity,DouglasFir,62,2.0,6
CoastS,TopCavity,DouglasFir,122,2.0,40
CoastS,TopCavity,DouglasFir,142,2.0,40
CoastS,TopCavity,DouglasFir,146,2.0,40
CoastS,TopCavity,DouglasFir,152,2.0,40
CoastS,TopCavity,DouglasFir,152,2.0,40
CoastS,TopCavity,DouglasFir,153,2.0,40
CoastS,TopCavity,DouglasFir,163,2.0,40
CoastS,TopCavity,DouglasFir,173,2.0,40
CoastS,TopCavity,DouglasFir,188,2.0,40
CoastS,TopCavity,DouglasFir,76,2.0,41
CoastS,TopCavity,DouglasFir,109,2.0,41
CoastS,TopCavity,DouglasFir,117,2.0,37
CoastS,TopCavity,DouglasFir,122,2.0,41
CoastS,TopCavity,DouglasFir,216,2.0,39
CoastS,TopCavity,DouglasFir,132,2.0,41
CoastS,TopCavity,DouglasFir,133,2.0,41
CoastS,TopCavity,DouglasFir,141,2.0,41
CoastS,TopCavity,DouglasFir,150,2.0,41
CoastS,TopCavity,DouglasFir,152,2.0,41
CoastS,TopCavity,DouglasFir,175,2.0,41
CoastS,TopCavity,DouglasFir,180,2.0,41
CoastS,TopCavity,DouglasFir,99,2.0,42
CoastS,TopCavity,DouglasFir,109,2.0,42
CoastS,TopCavity,DouglasFir,110,2.0,42
CoastS,TopCavity,DouglasFir,116,2.0,42
CoastS,TopCavity,DouglasFir,117,2.0,42
CoastS,TopCavity,DouglasFir,121,2.0,42
CoastS,TopCavity,DouglasFir,114,2.0,41
CoastS,TopCavity,DouglasFir,144,2.0,38
CoastS,TopCavity,DouglasFir,172,2.0,37
CoastS,TopCavity,DouglasFir,180,2.0,37
CoastS,TopCavity,DouglasFir,183,2.0,37
CoastS,TopCavity,DouglasFir,88,2.0,38
CoastS,TopCavity,DouglasFir,102,2.0,38
CoastS,TopCavity,DouglasFir,103,2.0,38
CoastS,TopCavity,DouglasFir,122,2.0,38
CoastS,TopCavity,DouglasFir,127,2.0,38
CoastS,TopCavity,DouglasFir,127,2.0,38
CoastS,TopCavity,DouglasFir,130,2.0,38
CoastS,TopCavity,DouglasFir,135,2.0,38
CoastS,TopCavity,DouglasFir,139,2.0,38
CoastS,TopCavity,DouglasFir,141,2.0,38
CoastS,TopCavity,DouglasFir,113,2.0,40
CoastS,TopCavity,DouglasFir,123,2.0,39
CoastS,TopCavity,DouglasFir,122,2.0,32
CoastS,TopCavity,DouglasFir,203,2.0,39
CoastS,TopCavity,DouglasFir,160,2.0,39
CoastS,TopCavity,DouglasFir,142,2.0,39
CoastS,TopCavity,DouglasFir,141,2.0,39
CoastS,TopCavity,DouglasFir,141,2.0,38
CoastS,TopCavity,DouglasFir,141,2.0,38
CoastS,TopCavity,DouglasFir,114,2.0,39
CoastS,TopCavity,DouglasFir,104,2.0,39
CoastS,TopCavity,DouglasFir,165,2.0,38
CoastS,TopCavity,DouglasFir,149,1.0,38
CoastS,TopCavity,DouglasFir,96,2.0,40
CoastS,TopCavity,DouglasFir,137,2.0,39
CoastS,TopCavity,DouglasFir,141,2.0,21
CoastS,TopCavity,DouglasFir,70,6.0,18
CoastS,TopCavity,DouglasFir,99,4.0,18
CoastS,TopCavity,DouglasFir,102,7.0,18
CoastS,TopCavity,DouglasFir,137,7.0,18
CoastS,TopCavity,DouglasFir,142,6.0,18
CoastS,TopCavity,DouglasFir,155,2.0,18
CoastS,TopCavity,DouglasFir,79,2.0,19
CoastS,TopCavity,DouglasFir,105,2.0,19
CoastS,TopCavity,DouglasFir,132,2.0,19
CoastS,TopCavity,DouglasFir,85,2.0,20
CoastS,TopCavity,DouglasFir,97,3.0,20
CoastS,TopCavity,DouglasFir,97,2.0,20
CoastS,TopCavity,DouglasFir,201,6.0,23
CoastS,TopCavity,DouglasFir,109,2.0,21
CoastS,TopCavity,DouglasFir,107,2.0,17
CoastS,TopCavity,DouglasFir,82,2.0,22
CoastS,TopCavity,DouglasFir,97,2.0,22
CoastS,TopCavity,DouglasFir,102,2.0,22
CoastS,TopCavity,DouglasFir,106,2.0,22
CoastS,TopCavity,DouglasFir,125,2.0,22
CoastS,TopCavity,DouglasFir,137,2.0,22
CoastS,TopCavity,DouglasFir,91,2.0,23
CoastS,TopCavity,DouglasFir,94,2.0,23
CoastS,TopCavity,DouglasFir,99,2.0,23
CoastS,TopCavity,DouglasFir,108,5.0,23
CoastS,TopCavity,DouglasFir,136,2.0,32
CoastS,TopCavity,DouglasFir,99,2.0,20
CoastS,TopCavity,DouglasFir,180,6.0,13
CoastS,TopCavity,DouglasFir,81,6.0,7
CoastS,TopCavity,DouglasFir,91,7.0,10
CoastS,TopCavity,DouglasFir,71,6.0,11
CoastS,TopCavity,DouglasFir,98,2.0,11
CoastS,TopCavity,DouglasFir,102,6.0,11
CoastS,TopCavity,DouglasFir,76,4.0,12
CoastS,TopCavity,DouglasFir,87,7.0,12
CoastS,TopCavity,DouglasFir,113,5.0,12
CoastS,TopCavity,DouglasFir,127,7.0,12
CoastS,TopCavity,DouglasFir,142,3.0,12
CoastS,TopCavity,DouglasFir,94,7.0,13
CoastS,TopCavity,DouglasFir,105,4.0,13
CoastS,TopCavity,DouglasFir,106,3.0,13
CoastS,TopCavity,DouglasFir,69,3.0,16
CoastS,TopCavity,DouglasFir,91,2.0,24
CoastS,TopCavity,DouglasFir,101,7.0,17
CoastS,TopCavity,DouglasFir,91,6.0,17
CoastS,TopCavity,DouglasFir,57,2.0,17
CoastS,TopCavity,DouglasFir,124,6.0,16
CoastS,TopCavity,DouglasFir,125,6.0,13
CoastS,TopCavity,DouglasFir,86,2.0,16
CoastS,TopCavity,DouglasFir,163,3.0,13
CoastS,TopCavity,DouglasFir,185,7.0,15
CoastS,TopCavity,DouglasFir,94,7.0,15
CoastS,TopCavity,DouglasFir,108,6.0,14
CoastS,TopCavity,DouglasFir,107,6.0,14
CoastS,TopCavity,DouglasFir,102,6.0,14
CoastS,TopCavity,DouglasFir,110,4.0,17
CoastS,TopCavity,DouglasFir,116,4.0,16
CoastS,TopCavity,DouglasFir,132,6.0,30
CoastS,TopCavity,DouglasFir,146,2.0,28
CoastS,TopCavity,DouglasFir,94,2.0,29
CoastS,TopCavity,DouglasFir,94,2.0,29
CoastS,TopCavity,DouglasFir,114,2.0,29
CoastS,TopCavity,DouglasFir,122,2.0,29
CoastS,TopCavity,DouglasFir,127,2.0,29
CoastS,TopCavity,DouglasFir,130,2.0,29
CoastS,TopCavity,DouglasFir,159,2.0,29
CoastS,TopCavity,DouglasFir,196,2.0,29
CoastS,TopCavity,DouglasFir,104,2.0,30
CoastS,TopCavity,DouglasFir,121,2.0,30
CoastS,TopCavity,DouglasFir,140,2.0,23
CoastS,TopCavity,DouglasFir,130,2.0,30
CoastS,TopCavity,DouglasFir,107,2.0,28
CoastS,TopCavity,DouglasFir,145,2.0,30
CoastS,TopCavity,DouglasFir,180,2.0,30
CoastS,TopCavity,DouglasFir,197,2.0,30
CoastS,TopCavity,DouglasFir,83,2.0,31
CoastS,TopCavity,DouglasFir,110,2.0,31
CoastS,TopCavity,DouglasFir,114,2.0,31
CoastS,TopCavity,DouglasFir,120,2.0,31
CoastS,TopCavity,DouglasFir,122,2.0,31
CoastS,TopCavity,DouglasFir,124,2.0,31
CoastS,TopCavity,DouglasFir,132,2.0,31
CoastS,TopCavity,DouglasFir,193,2.0,31
CoastS,TopCavity,DouglasFir,90,2.0,32
CoastS,TopCavity,DouglasFir,106,2.0,32
CoastS,TopCavity,DouglasFir,127,2.0,30
CoastS,TopCavity,DouglasFir,109,2.0,26
CoastS,TopCavity,DouglasFir,94,6.0,24
CoastS,TopCavity,DouglasFir,94,2.0,24
CoastS,TopCavity,DouglasFir,104,2.0,24
CoastS,TopCavity,DouglasFir,109,2.0,24
CoastS,TopCavity,DouglasFir,110,6.0,24
CoastS,TopCavity,DouglasFir,112,4.0,24
CoastS,TopCavity,DouglasFir,84,2.0,25
CoastS,TopCavity,DouglasFir,99,2.0,25
CoastS,TopCavity,DouglasFir,114,2.0,25
CoastS,TopCavity,DouglasFir,134,2.0,25
CoastS,TopCavity,DouglasFir,141,2.0,25
CoastS,TopCavity,DouglasFir,148,2.0,25
CoastS,TopCavity,DouglasFir,150,2.0,25
CoastS,TopCavity,DouglasFir,142,2.0,28
CoastS,TopCavity,DouglasFir,100,2.0,27
CoastS,TopCavity,DouglasFir,127,2.0,40
CoastS,TopCavity,DouglasFir,95,2.0,28
CoastS,TopCavity,DouglasFir,138,2.0,27
CoastS,TopCavity,DouglasFir,119,2.0,27
CoastS,TopCavity,DouglasFir,115,2.0,27
CoastS,TopCavity,DouglasFir,98,6.0,26
CoastS,TopCavity,DouglasFir,108,2.0,27
CoastS,TopCavity,DouglasFir,108,2.0,26
CoastS,TopCavity,DouglasFir,81,2.0,27
CoastS,TopCavity,DouglasFir,59,6.0,27
CoastS,TopCavity,DouglasFir,124,2.0,26
CoastS,TopCavity,DouglasFir,115,2.0,26
CoastS,TopCavity,DouglasFir,110,2.0,26
CoastS,TopCavity,DouglasFir,127,2.0,28
CoastS,TopCavity,DouglasFir,114,2.0,27
CoastS,TopCavity,DouglasFir,84,2.0,51
CoastS,TopCavity,DouglasFir,177,2.0,49
CoastS,TopCavity,DouglasFir,180,2.0,49
CoastS,TopCavity,DouglasFir,182,2.0,49
CoastS,TopCavity,DouglasFir,125,1.0,50
CoastS,TopCavity,DouglasFir,135,2.0,50
CoastS,TopCavity,DouglasFir,140,2.0,50
CoastS,TopCavity,DouglasFir,146,2.0,50
CoastS,TopCavity,DouglasFir,150,2.0,50
CoastS,TopCavity,DouglasFir,157,2.0,50
CoastS,TopCavity,DouglasFir,161,2.0,50
CoastS,TopCavity,DouglasFir,170,2.0,50
CoastS,TopCavity,DouglasFir,183,2.0,47
CoastS,TopCavity,DouglasFir,172,2.0,50
CoastS,TopCavity,DouglasFir,156,2.0,49
CoastS,TopCavity,DouglasFir,107,1.0,51
CoastS,TopCavity,DouglasFir,150,2.0,51
CoastS,TopCavity,DouglasFir,153,2.0,51
CoastS,TopCavity,DouglasFir,161,2.0,51
CoastS,TopCavity,DouglasFir,161,2.0,51
CoastS,TopCavity,DouglasFir,170,2.0,51
CoastS,TopCavity,DouglasFir,180,2.0,51
CoastS,TopCavity,DouglasFir,132,2.0,52
CoastS,TopCavity,DouglasFir,152,2.0,52
CoastS,TopCavity,DouglasFir,171,2.0,52
CoastS,TopCavity,DouglasFir,200,2.0,52
CoastS,TopCavity,DouglasFir,213,2.0,52
CoastS,TopCavity,DouglasFir,171,2.0,50
CoastS,TopCavity,DouglasFir,185,2.0,48
CoastS,TopCavity,DouglasFir,189,2.0,47
CoastS,TopCavity,DouglasFir,193,2.0,47
CoastS,TopCavity,DouglasFir,129,2.0,48
CoastS,TopCavity,DouglasFir,130,2.0,48
CoastS,TopCavity,DouglasFir,132,2.0,48
CoastS,TopCavity,DouglasFir,142,2.0,48
CoastS,TopCavity,DouglasFir,144,2.0,48
CoastS,TopCavity,DouglasFir,149,2.0,48
CoastS,TopCavity,DouglasFir,152,2.0,48
CoastS,TopCavity,DouglasFir,159,2.0,48
CoastS,TopCavity,DouglasFir,168,2.0,48
CoastS,TopCavity,DouglasFir,170,2.0,48
CoastS,TopCavity,DouglasFir,159,2.0,49
CoastS,TopCavity,DouglasFir,181,2.0,48
CoastS,TopCavity,DouglasFir,122,2.0,40
CoastS,TopCavity,DouglasFir,190,2.0,48
CoastS,TopCavity,DouglasFir,190,2.0,48
CoastS,TopCavity,DouglasFir,89,2.0,49
CoastS,TopCavity,DouglasFir,104,2.0,49
CoastS,TopCavity,DouglasFir,108,2.0,49
CoastS,TopCavity,DouglasFir,135,2.0,49
CoastS,TopCavity,DouglasFir,137,2.0,49
CoastS,TopCavity,DouglasFir,142,2.0,49
CoastS,TopCavity,DouglasFir,150,2.0,49
CoastS,TopCavity,DouglasFir,152,2.0,49
CoastS,TopCavity,DouglasFir,133,2.0,42
CoastS,TopCavity,DouglasFir,142,2.0,53
CoastS,TopCavity,DouglasFir,178,2.0,48
CoastS,TopCavity,DouglasFir,196,2.0,61
CoastS,TopCavity,DouglasFir,122,2.0,53
CoastS,TopCavity,DouglasFir,165,2.0,57
CoastS,TopCavity,DouglasFir,190,2.0,57
CoastS,TopCavity,DouglasFir,147,2.0,58
CoastS,TopCavity,DouglasFir,172,2.0,58
CoastS,TopCavity,DouglasFir,185,2.0,59
CoastS,TopCavity,DouglasFir,202,2.0,59
CoastS,TopCavity,DouglasFir,127,2.0,60
CoastS,TopCavity,DouglasFir,183,2.0,60
CoastS,TopCavity,DouglasFir,191,2.0,60
CoastS,TopCavity,DouglasFir,152,2.0,61
CoastS,TopCavity,DouglasFir,130,2.0,57
CoastS,TopCavity,DouglasFir,175,2.0,61
CoastS,TopCavity,DouglasFir,190,2.0,56
CoastS,TopCavity,DouglasFir,203,2.0,61
CoastS,TopCavity,DouglasFir,140,2.0,62
CoastS,TopCavity,DouglasFir,122,2.0,63
CoastS,TopCavity,DouglasFir,147,2.0,65
CoastS,TopCavity,DouglasFir,188,2.0,65
CoastS,TopCavity,DouglasFir,170,2.0,66
CoastS,TopCavity,DouglasFir,209,2.0,66
CoastS,TopCavity,DouglasFir,160,2.0,67
CoastS,TopCavity,DouglasFir,177,2.0,69
CoastS,TopCavity,DouglasFir,160,2.0,61
CoastS,TopCavity,DouglasFir,168,2.0,54
CoastS,TopCavity,DouglasFir,152,2.0,49
CoastS,TopCavity,DouglasFir,147,2.0,53
CoastS,TopCavity,DouglasFir,149,2.0,53
CoastS,TopCavity,DouglasFir,161,2.0,53
CoastS,TopCavity,DouglasFir,168,2.0,53
CoastS,TopCavity,DouglasFir,173,2.0,53
CoastS,TopCavity,DouglasFir,180,2.0,53
CoastS,TopCavity,DouglasFir,197,2.0,53
CoastS,TopCavity,DouglasFir,199,2.0,53
CoastS,TopCavity,DouglasFir,91,2.0,54
CoastS,TopCavity,DouglasFir,130,2.0,54
CoastS,TopCavity,DouglasFir,134,2.0,54
CoastS,TopCavity,DouglasFir,155,2.0,57
CoastS,TopCavity,DouglasFir,158,2.0,54
CoastS,TopCavity,DouglasFir,138,2.0,53
CoastS,TopCavity,DouglasFir,170,2.0,54
CoastS,TopCavity,DouglasFir,135,2.0,55
CoastS,TopCavity,DouglasFir,146,2.0,55
CoastS,TopCavity,DouglasFir,147,2.0,55
CoastS,TopCavity,DouglasFir,163,2.0,55
CoastS,TopCavity,DouglasFir,164,2.0,55
CoastS,TopCavity,DouglasFir,178,2.0,55
CoastS,TopCavity,DouglasFir,193,2.0,55
CoastS,TopCavity,DouglasFir,196,2.0,55
CoastS,TopCavity,DouglasFir,114,2.0,56
CoastS,TopCavity,DouglasFir,143,2.0,56
CoastS,TopCavity,DouglasFir,171,2.0,56
CoastS,TopCavity,DouglasFir,152,2.0,54
CoastS,TopCavity,DouglasFir,159,2.0,43
CoastS,TopCavity,DouglasFir,155,2.0,46
CoastS,TopCavity,DouglasFir,160,2.0,46
CoastS,TopCavity,DouglasFir,175,2.0,46
CoastS,TopCavity,DouglasFir,185,2.0,46
CoastS,TopCavity,DouglasFir,88,2.0,44
CoastS,TopCavity,DouglasFir,120,2.0,47
CoastS,TopCavity,DouglasFir,160,2.0,43
CoastS,TopCavity,DouglasFir,141,2.0,45
CoastS,TopCavity,DouglasFir,135,2.0,44
CoastS,TopCavity,DouglasFir,142,2.0,43
CoastS,TopCavity,DouglasFir,148,2.0,46
CoastS,TopCavity,DouglasFir,137,2.0,45
CoastS,TopCavity,DouglasFir,142,2.0,43
CoastS,TopCavity,DouglasFir,153,2.0,44
CoastS,TopCavity,DouglasFir,135,2.0,46
CoastS,TopCavity,DouglasFir,135,2.0,44
CoastS,TopCavity,DouglasFir,106,2.0,46
CoastS,TopCavity,DouglasFir,127,2.0,44
CoastS,TopCavity,DouglasFir,117,2.0,46
CoastS,TopCavity,DouglasFir,137,2.0,44
CoastS,TopCavity,DouglasFir,152,2.0,46
CoastS,TopCavity,DouglasFir,180,2.0,45
CoastS,TopCavity,DouglasFir,140,2.0,45
CoastS,TopCavity,DouglasFir,164,2.0,45
CoastS,TopCavity,DouglasFir,137,2.0,44
CoastS,TopCavity,DouglasFir,144,2.0,44
CoastS,TopCavity,DouglasFir,113,2.0,44
CoastS,TopCavity,DouglasFir,147,2.0,44
CoastS,TopCavity,DouglasFir,118,2.0,47
CoastS,TopCavity,DouglasFir,134,2.0,46
CoastS,TopCavity,DouglasFir,135,2.0,42
CoastS,TopCavity,DouglasFir,109,2.0,45
CoastS,TopCavity,DouglasFir,120,2.0,47
CoastS,TopCavity,DouglasFir,154,2.0,47
CoastS,TopCavity,DouglasFir,114,2.0,47
CoastS,TopCavity,DouglasFir,163,2.0,42
CoastS,TopCavity,DouglasFir,157,2.0,42
CoastS,TopCavity,DouglasFir,154,2.0,47
CoastS,TopCavity,DouglasFir,188,2.0,44
CoastS,TopCavity,DouglasFir,173,2.0,47
CoastS,TopCavity,DouglasFir,106,2.0,45
CoastS,TopCavity,DouglasFir,52,2.0,45
CoastS,TopCavity,DouglasFir,160,2.0,47
CoastS,TopCavity,DouglasFir,160,2.0,47
CoastS,TopCavity,DouglasFir,170,2.0,47
CoastS,TopCavity,DouglasFir,170,2.0,47
CoastS,TopCavity,DouglasFir,141,2.0,42
CoastS,TopCavity,DouglasFir,164,2.0,42
CoastS,TopCavity,DouglasFir,159,2.0,44
CoastS,TopCavity,DouglasFir,160,2.0,44
CoastS,TopCavity,DouglasFir,167,2.0,42
CoastS,TopCavity,DouglasFir,132,2.0,47
CoastS,TopCavity,DouglasFir,182,2.0,44
CoastS,TopCavity,DouglasFir,133,2.0,47
CoastS,TopCavity,DouglasFir,153,2.0,47
CoastS,TopCavity,DouglasFir,150,2.0,47
CoastS,TopCavity,DouglasFir,187,2.0,44
CoastS,TopCavity,DouglasFir,164,2.0,42
CoastS,TopCavity,WesternHemlock,95,2.0,36
CoastS,TopCavity,WesternRedCedar,124,2.0,39
CoastS,TopCavity,WesternRedCedar,114,2.0,22
CoastS,TopCavity,WesternRedCedar,89,2.0,23
CoastS,TopCavity,WesternRedCedar,118,6.0,17
CoastS,TopCavity,WesternRedCedar,111,2.0,30
CoastS,TopCavity,WesternRedCedar,157,2.0,43
CoastS,TopCavity,WesternRedCedar,150,2.0,47
CoastS,TopCavity,Other,91,1.0,23
CoastS,TopCavity,Other,175,1.0,37
CoastS,TopCavity,Other,62,2.0,32
CoastS,TopCavity,Other,104,2.0,37
CoastS,TopCavity,Other,55,3.0,14
Olympic,Platform,DouglasFir,30,2.0,13
Olympic,Platform,DouglasFir,63,1.0,27
Olympic,Platform,DouglasFir,63,1.0,34
Olympic,Platform,DouglasFir,80,1.0,37
Olympic,Platform,DouglasFir,176,1.0,42
Olympic,Platform,DouglasFir,74,2.0,47
Olympic,Platform,DouglasFir,175,1.0,60
Olympic,Platform,WesternHemlock,41,2.0,32
Olympic,Platform,WesternHemlock,71,1.0,37
Olympic,Platform,WesternHemlock,84,1.0,45
Olympic,Platform,WesternRedCedar,198,3.0,53
Olympic,Platform,Other,77,1.0,40
Olympic,Platform,Other,100,1.0,50
Interior,Platform,DouglasFir,62,,41
Interior,Platform,DouglasFir,29,,22
Interior,Platform,DouglasFir,74,,46
Interior,Platform,DouglasFir,89,,35
Interior,Platform,DouglasFir,67,,41
Interior,Platform,DouglasFir,86,,34
Interior,Platform,DouglasFir,83,,34
Interior,Platform,DouglasFir,75,,41
Interior,Platform,DouglasFir,51,,30
Interior,Platform,DouglasFir,73,,38
Interior,Platform,DouglasFir,90,,31
Interior,Platform,DouglasFir,55,,22
Interior,Platform,DouglasFir,29,,24
Interior,Platform,DouglasFir,58,,33
Interior,Platform,DouglasFir,38,,24
Interior,Platform,DouglasFir,39,,24
Interior,Platform,DouglasFir,42,,24
Interior,Platform,DouglasFir,46,,30
Interior,Platform,DouglasFir,86,,27
Interior,Platform,DouglasFir,75,,23
Interior,Platform,DouglasFir,42,,30
Interior,Platform,DouglasFir,29,,17
Interior,Platform,DouglasFir,80,,39
Interior,Platform,DouglasFir,56,,36
Interior,Platform,DouglasFir,72,,40
Interior,Platform,DouglasFir,70,,45
Interior,Platform,DouglasFir,58,,37
Interior,Platform,DouglasFir,50,,29
Interior,Platform,DouglasFir,73,,43
Interior,Platform,DouglasFir,83,,30
Interior,Platform,DouglasFir,36,,25
Interior,Platform,DouglasFir,47,,27
Interior,Platform,DouglasFir,62,,30
Interior,Platform,DouglasFir,91,,23
Interior,Platform,DouglasFir,58,,35
Interior,Platform,DouglasFir,58,,38
Interior,Platform,DouglasFir,103,,48
Interior,Platform,DouglasFir,55,,30
Interior,Platform,DouglasFir,46,,35
Interior,Platform,DouglasFir,60,,33
Interior,Platform,DouglasFir,90,,32
Interior,Platform,DouglasFir,72,,29
Interior,Platform,DouglasFir,67,,29
Interior,Platform,DouglasFir,21,,19
Interior,Platform,DouglasFir,51,,38
Interior,Platform,DouglasFir,62,,36
Interior,Platform,DouglasFir,70,,38
Interior,Platform,DouglasFir,62,,39
Interior,Platform,DouglasFir,74,,42
Interior,Platform,DouglasFir,49,,36
Interior,Platform,DouglasFir,54,,31
Interior,Platform,DouglasFir,56,,37
Interior,Platform,DouglasFir,54,,30
Interior,Platform,DouglasFir,90,,47
Interior,Platform,DouglasFir,67,,45
Interior,Platform,DouglasFir,41,,30
Interior,Platform,DouglasFir,35,,24
Interior,Platform,DouglasFir,77,,38
Interior,Platform,DouglasFir,60,,25
Interior,Platform,DouglasFir,68,,40
Interior,Platform,DouglasFir,38,,29
Interior,Platform,DouglasFir,47,,30
Interior,Platform,DouglasFir,60,,35
Interior,Platform,DouglasFir,58,,33
Interior,Platform,DouglasFir,59,,33
Interior,Platform,DouglasFir,48,,33
Interior,Platform,DouglasFir,33,,32
Interior,Platform,DouglasFir,71,,41
Interior,Platform,DouglasFir,66,,27
Interior,Platform,DouglasFir,29,,22
Interior,Platform,DouglasFir,39,,29
Interior,Platform,DouglasFir,35,,31
Interior,Platform,DouglasFir,37,,23
Interior,Platform,DouglasFir,61,,38
Interior,Platform,DouglasFir,100,,36
Interior,Platform,DouglasFir,56,,24
Interior,Platform,DouglasFir,52,,27
Interior,Platform,DouglasFir,97,,36
Interior,Platform,DouglasFir,50,,28
Interior,Platform,DouglasFir,43,,25
Interior,Platform,DouglasFir,54,,32
Interior,Platform,DouglasFir,87,,47
Interior,Platform,DouglasFir,42,,24
Interior,Platform,DouglasFir,66,,33
Interior,Platform,DouglasFir,31,,27
Interior,Platform,DouglasFir,82,,29
Interior,Platform,DouglasFir,61,,32
Interior,Platform,DouglasFir,58,,30
Interior,Platform,DouglasFir,56,,34
Interior,Platform,DouglasFir,48,,32
Interior,Platform,DouglasFir,31,,23
Interior,Platform,DouglasFir,71,,30
Interior,Platform,DouglasFir,51,,27
Interior,Platform,DouglasFir,29,,19
Interior,Platform,DouglasFir,83,,28
Interior,Platform,DouglasFir,50,,30
Interior,Platform,DouglasFir,41,,34
Interior,Platform,DouglasFir,34,,25
Interior,Platform,DouglasFir,83,,40
Interior,Platform,DouglasFir,56,,25
Interior,Platform,DouglasFir,35,,24
Interior,Platform,DouglasFir,64,,31
Interior,Platform,DouglasFir,59,,34
Interior,Platform,DouglasFir,75,,41
Interior,Platform,DouglasFir,48,,28
Interior,Platform,DouglasFir,54,,31
Interior,Platform,DouglasFir,58,,36
Interior,Platform,DouglasFir,49,,37
Interior,Platform,DouglasFir,51,,32
Interior,Platform,DouglasFir,50,,30
Interior,Platform,DouglasFir,96,,32
Interior,Platform,DouglasFir,82,,38
Interior,Platform,DouglasFir,21,,29
Interior,Platform,DouglasFir,51,,39
Interior,Platform,DouglasFir,24,,23
Interior,Platform,DouglasFir,68,,40
Interior,Platform,DouglasFir,73,,23
Interior,Platform,DouglasFir,67,,40
Interior,Platform,DouglasFir,72,,35
Interior,Platform,DouglasFir,68,,35
Interior,Platform,DouglasFir,68,,46
Interior,Platform,DouglasFir,73,,33
Interior,Platform,DouglasFir,45,,27
Interior,Platform,DouglasFir,56,,24
Interior,Platform,DouglasFir,56,,32
Interior,Platform,DouglasFir,42,,28
Interior,Platform,DouglasFir,39,,39
Interior,Platform,DouglasFir,40,,24
Interior,Platform,DouglasFir,36,,29
Interior,Platform,DouglasFir,49,,33
Interior,Platform,DouglasFir,54,,31
Interior,Platform,DouglasFir,59,,34
Interior,Platform,DouglasFir,46,,39
Interior,Platform,DouglasFir,99,,28
Interior,Platform,DouglasFir,72,,32
Interior,Platform,DouglasFir,62,,30
Interior,Platform,DouglasFir,41,,30
Interior,Platform,DouglasFir,76,,39
Interior,Platform,DouglasFir,59,,27
Interior,Platform,DouglasFir,81,,35
Interior,Platform,DouglasFir,87,,33
Interior,Platform,DouglasFir,59,,34
Interior,Platform,DouglasFir,49,,37
Interior,Platform,DouglasFir,47,,30
Interior,Platform,DouglasFir,31,,25
Interior,Platform,DouglasFir,65,,33
Interior,Platform,DouglasFir,42,,25
Interior,Platform,DouglasFir,64,,48
Interior,Platform,DouglasFir,33,,29
Interior,Platform,DouglasFir,71,,41
Interior,Platform,DouglasFir,57,,36
Interior,Platform,DouglasFir,58,,34
Interior,Platform,DouglasFir,45,,32
Interior,Platform,DouglasFir,37,,31
Interior,Platform,DouglasFir,81,,35
Interior,Platform,DouglasFir,103,,40
Interior,Platform,DouglasFir,37,,35
Interior,Platform,DouglasFir,57,,28
Interior,Platform,WesternHemlock,85,,43
Interior,Platform,WesternHemlock,48,,27
Interior,Platform,Other,54,,32
Interior,Platform,Other,52,,28
Interior,Platform,Other,54,,32
Interior,Platform,Other,49,,35
CoastN,Platform,DouglasFir,149,1.0,52
CoastN,Platform,DouglasFir,192,2.0,64
CoastN,Platform,DouglasFir,131,1.0,42
CoastN,Platform,DouglasFir,79,1.0,39
CoastN,Platform,DouglasFir,98,2.0,34
CoastN,Platform,DouglasFir,109,1.0,45
CoastN,Platform,DouglasFir,141,1.0,29
CoastN,Platform,DouglasFir,216,1.0,30
CoastN,Platform,DouglasFir,140,1.0,50
CoastN,Platform,DouglasFir,183,2.0,45
CoastN,Platform,DouglasFir,138,1.0,37
CoastN,Platform,DouglasFir,127,1.0,47
CoastN,Platform,DouglasFir,83,1.0,43
CoastN,Platform,DouglasFir,87,1.0,48
CoastN,Platform,DouglasFir,166,1.0,48
CoastN,Platform,DouglasFir,80,2.0,36
CoastN,Platform,DouglasFir,175,1.0,66
CoastN,Platform,DouglasFir,111,1.0,47
CoastN,Platform,DouglasFir,68,1.0,45
CoastN,Platform,DouglasFir,85,1.0,44
CoastN,Platform,DouglasFir,186,2.0,58
CoastN,Platform,DouglasFir,151,2.0,37
CoastN,Platform,DouglasFir,90,1.0,52
CoastN,Platform,WesternRedCedar,116,1.0,49
CoastN,Platform,WesternRedCedar,135,1.0,49
CoastN,Platform,Other,48,1.0,28
CoastN,Platform,Other,93,1.0,37
CoastN,Platform,Other,120,1.0,52
CoastN,Platform,Other,139,1.0,64
CoastS,Platform,DouglasFir,76,1.0,23
CoastS,Platform,DouglasFir,73,1.0,23
CoastS,Platform,DouglasFir,51,1.0,24
CoastS,Platform,DouglasFir,107,1.0,24
CoastS,Platform,DouglasFir,72,1.0,25
CoastS,Platform,DouglasFir,57,1.0,27
CoastS,Platform,DouglasFir,95,1.0,30
CoastS,Platform,DouglasFir,86,1.0,30
CoastS,Platform,DouglasFir,74,1.0,30
CoastS,Platform,DouglasFir,89,1.0,31
CoastS,Platform,DouglasFir,79,1.0,33
CoastS,Platform,DouglasFir,107,1.0,34
CoastS,Platform,DouglasFir,152,1.0,34
CoastS,Platform,DouglasFir,128,1.0,34
CoastS,Platform,DouglasFir,86,1.0,35
CoastS,Platform,DouglasFir,97,1.0,36
CoastS,Platform,DouglasFir,65,1.0,36
CoastS,Platform,DouglasFir,89,1.0,36
CoastS,Platform,DouglasFir,89,1.0,36
CoastS,Platform,DouglasFir,97,1.0,36
CoastS,Platform,DouglasFir,81,1.0,36
CoastS,Platform,DouglasFir,100,1.0,36
CoastS,Platform,DouglasFir,119,1.0,37
CoastS,Platform,DouglasFir,140,1.0,37
CoastS,Platform,DouglasFir,91,1.0,37
CoastS,Platform,DouglasFir,117,1.0,37
CoastS,Platform,DouglasFir,74,1.0,37
CoastS,Platform,DouglasFir,99,1.0,37
CoastS,Platform,DouglasFir,86,1.0,39
CoastS,Platform,DouglasFir,65,1.0,40
CoastS,Platform,DouglasFir,106,1.0,40
CoastS,Platform,DouglasFir,81,1.0,40
CoastS,Platform,DouglasFir,87,1.0,40
CoastS,Platform,DouglasFir,109,1.0,40
CoastS,Platform,DouglasFir,100,1.0,40
CoastS,Platform,DouglasFir,79,1.0,40
CoastS,Platform,DouglasFir,103,1.0,40
CoastS,Platform,DouglasFir,117,1.0,41
CoastS,Platform,DouglasFir,127,1.0,41
CoastS,Platform,DouglasFir,140,1.0,41
CoastS,Platform,DouglasFir,107,1.0,42
CoastS,Platform,DouglasFir,104,1.0,42
CoastS,Platform,DouglasFir,94,1.0,42
CoastS,Platform,DouglasFir,109,1.0,42
CoastS,Platform,DouglasFir,76,1.0,43
CoastS,Platform,DouglasFir,102,1.0,43
CoastS,Platform,DouglasFir,117,1.0,43
CoastS,Platform,DouglasFir,93,1.0,44
CoastS,Platform,DouglasFir,130,1.0,44
CoastS,Platform,DouglasFir,124,1.0,44
CoastS,Platform,DouglasFir,84,1.0,44
CoastS,Platform,DouglasFir,137,1.0,44
CoastS,Platform,DouglasFir,117,1.0,45
CoastS,Platform,DouglasFir,98,1.0,45
CoastS,Platform,DouglasFir,104,1.0,46
CoastS,Platform,DouglasFir,117,1.0,46
CoastS,Platform,DouglasFir,114,1.0,46
CoastS,Platform,DouglasFir,135,1.0,46
CoastS,Platform,DouglasFir,122,1.0,46
CoastS,Platform,DouglasFir,152,1.0,46
CoastS,Platform,DouglasFir,155,1.0,46
CoastS,Platform,DouglasFir,147,1.0,46
CoastS,Platform,DouglasFir,127,1.0,46
CoastS,Platform,DouglasFir,132,1.0,46
CoastS,Platform,DouglasFir,109,1.0,46
CoastS,Platform,DouglasFir,104,1.0,47
CoastS,Platform,DouglasFir,104,1.0,47
CoastS,Platform,DouglasFir,100,1.0,49
CoastS,Platform,DouglasFir,114,1.0,49
CoastS,Platform,DouglasFir,155,1.0,49
CoastS,Platform,DouglasFir,150,1.0,49
CoastS,Platform,DouglasFir,117,1.0,50
CoastS,Platform,DouglasFir,124,1.0,50
CoastS,Platform,DouglasFir,93,1.0,50
CoastS,Platform,DouglasFir,157,1.0,51
CoastS,Platform,DouglasFir,165,1.0,52
CoastS,Platform,DouglasFir,114,1.0,52
CoastS,Platform,DouglasFir,137,1.0,52
CoastS,Platform,DouglasFir,122,1.0,53
CoastS,Platform,DouglasFir,124,1.0,53
CoastS,Platform,DouglasFir,142,1.0,53
CoastS,Platform,DouglasFir,132,1.0,54
CoastS,Platform,DouglasFir,170,1.0,55
CoastS,Platform,DouglasFir,137,1.0,55
CoastS,Platform,DouglasFir,127,1.0,55
CoastS,Platform,DouglasFir,132,1.0,55
CoastS,Platform,DouglasFir,122,1.0,55
CoastS,Platform,DouglasFir,169,1.0,56
CoastS,Platform,DouglasFir,97,1.0,56
CoastS,Platform,DouglasFir,127,1.0,61
CoastS,Platform,DouglasFir,144,1.0,61
CoastS,Platform,DouglasFir,139,1.0,61
CoastS,Platform,DouglasFir,126,1.0,62
CoastS,Platform,DouglasFir,135,1.0,65
CoastS,Platform,DouglasFir,140,1.0,65
CoastS,Platform,DouglasFir,53,2.0,30
CoastS,Platform,DouglasFir,110,2.0,31
CoastS,Platform,DouglasFir,142,2.0,31
CoastS,Platform,DouglasFir,132,2.0,32
CoastS,Platform,DouglasFir,94,2.0,36
CoastS,Platform,DouglasFir,179,2.0,37
CoastS,Platform,DouglasFir,123,2.0,40
CoastS,Platform,DouglasFir,133,2.0,42
CoastS,Platform,DouglasFir,147,2.0,55
CoastS,Platform,DouglasFir,200,2.0,63
CoastS,Platform,DouglasFir,180,2.0,48
CoastS,Platform,DouglasFir,167,1.0,42
CoastS,Platform,DouglasFir,130,1.0,66
CoastS,Platform,DouglasFir,127,1.0,62
CoastS,Platform,DouglasFir,193,1.0,41
CoastS,Platform,DouglasFir,43,2.0,12
CoastS,Platform,DouglasFir,127,1.0,47
CoastS,Platform,DouglasFir,131,1.0,42
CoastS,Platform,DouglasFir,159,1.0,34
CoastS,Platform,DouglasFir,166,1.0,48
CoastS,Platform,DouglasFir,93,1.0,35
CoastS,Platform,DouglasFir,104,1.0,15
CoastS,Platform,DouglasFir,104,1.0,38
CoastS,Platform,DouglasFir,65,1.0,54
CoastS,Platform,DouglasFir,141,1.0,54
CoastS,Platform,DouglasFir,79,1.0,39
CoastS,Platform,DouglasFir,122,1.0,53
CoastS,Platform,DouglasFir,173,1.0,54
CoastS,Platform,DouglasFir,124,2.0,29
CoastS,Platform,DouglasFir,183,2.0,45
CoastS,Platform,DouglasFir,69,2.0,30
CoastS,Platform,DouglasFir,83,1.0,38
CoastS,Platform,DouglasFir,121,1.0,38
CoastS,Platform,DouglasFir,98,2.0,34
CoastS,Platform,DouglasFir,140,1.0,50
CoastS,Platform,DouglasFir,101,2.0,26
CoastS,Platform,DouglasFir,97,1.0,38
CoastS,Platform,DouglasFir,109,1.0,45
CoastS,Platform,DouglasFir,107,1.0,58
CoastS,Platform,DouglasFir,137,1.0,58
CoastS,Platform,DouglasFir,138,1.0,37
CoastS,Platform,DouglasFir,216,1.0,43
CoastS,Platform,DouglasFir,107,1.0,47
CoastS,Platform,DouglasFir,111,1.0,47
CoastS,Platform,DouglasFir,117,1.0,61
CoastS,Platform,DouglasFir,84,2.0,37
CoastS,Platform,DouglasFir,158,1.0,56
CoastS,Platform,Other,90,1.0,26
CoastS,Platform,Other,69,1.0,28
CoastS,Platform,Other,13,1.0,31
CoastS,Platform,Other,92,1.0,31
CoastS,Platform,Other,124,1.0,32
CoastS,Platform,Other,62,1.0,37
CoastS,Platform,Other,114,1.0,37
CoastS,Platform,Other,103,1.0,46
CoastS,Platform,Other,173,1.0,51
CoastS,Platform,Other,51,1.0,24
CoastS,Platform,Other,100,2.0,30
CoastS,Platform,Other,93,1.0,37
Olympic,SideCavity,DouglasFir,63,5.0,14
Olympic,SideCavity,DouglasFir,68,4.0,18
Olympic,SideCavity,DouglasFir,64,4.0,18
Olympic,SideCavity,DouglasFir,146,2.0,19
Olympic,SideCavity,DouglasFir,128,6.0,23
Olympic,SideCavity,DouglasFir,50,2.0,26
Olympic,SideCavity,DouglasFir,119,2.0,32
Olympic,SideCavity,DouglasFir,128,5.0,34
Olympic,SideCavity,DouglasFir,165,1.0,38
Olympic,SideCavity,DouglasFir,80,2.0,38
Olympic,SideCavity,DouglasFir,92,2.0,44
Olympic,SideCavity,DouglasFir,171,2.0,46
Olympic,SideCavity,DouglasFir,98,2.0,47
Olympic,SideCavity,DouglasFir,93,1.0,52
Olympic,SideCavity,DouglasFir,233,2.0,59
Olympic,SideCavity,DouglasFir,140,2.0,74
Olympic,SideCavity,WesternHemlock,95,4.0,13
Olympic,SideCavity,WesternHemlock,49,2.0,14
Olympic,SideCavity,WesternHemlock,83,3.0,20
Olympic,SideCavity,WesternHemlock,60,4.0,20
Olympic,SideCavity,WesternHemlock,80,3.0,22
Olympic,SideCavity,WesternHemlock,106,4.0,22
Olympic,SideCavity,WesternHemlock,53,2.0,29
Olympic,SideCavity,WesternHemlock,83,3.0,29
Olympic,SideCavity,WesternHemlock,92,1.0,30
Olympic,SideCavity,WesternHemlock,111,4.0,30
Olympic,SideCavity,WesternHemlock,100,5.0,30
Olympic,SideCavity,WesternHemlock,111,1.0,34
Olympic,SideCavity,WesternHemlock,60,2.0,34
Olympic,SideCavity,WesternHemlock,132,4.0,34
Olympic,SideCavity,WesternHemlock,92,2.0,36
Olympic,SideCavity,WesternHemlock,116,2.0,37
Olympic,SideCavity,WesternHemlock,98,2.0,37
Olympic,SideCavity,WesternHemlock,97,2.0,37
Olympic,SideCavity,WesternHemlock,83,2.0,38
Olympic,SideCavity,WesternHemlock,163,2.0,39
Olympic,SideCavity,WesternHemlock,102,2.0,39
Olympic,SideCavity,WesternHemlock,90,2.0,41
Olympic,SideCavity,WesternHemlock,93,1.0,42
Olympic,SideCavity,WesternHemlock,105,2.0,44
Olympic,SideCavity,WesternHemlock,126,2.0,45
Olympic,SideCavity,WesternHemlock,143,3.0,45
Olympic,SideCavity,WesternHemlock,122,1.0,46
Olympic,SideCavity,WesternHemlock,132,2.0,47
Olympic,SideCavity,WesternHemlock,106,2.0,47
Olympic,SideCavity,WesternHemlock,148,2.0,48
Olympic,SideCavity,WesternHemlock,113,2.0,48
Olympic,SideCavity,WesternHemlock,101,2.0,48
Olympic,SideCavity,WesternHemlock,129,1.0,50
Olympic,SideCavity,WesternHemlock,119,2.0,50
Olympic,SideCavity,WesternHemlock,120,1.0,52
Olympic,SideCavity,WesternHemlock,76,2.0,52
Olympic,SideCavity,WesternHemlock,150,2.0,53
Olympic,SideCavity,WesternHemlock,128,2.0,53
Olympic,SideCavity,WesternHemlock,105,2.0,53
Olympic,SideCavity,WesternHemlock,154,2.0,55
Olympic,SideCavity,WesternHemlock,141,1.0,58
Olympic,SideCavity,WesternHemlock,112,1.0,65
Olympic,SideCavity,WesternRedCedar,113,4.0,15
Olympic,SideCavity,WesternRedCedar,121,4.0,26
Olympic,SideCavity,WesternRedCedar,222,5.0,28
Olympic,SideCavity,WesternRedCedar,209,2.0,36
Olympic,SideCavity,WesternRedCedar,155,1.0,37
Olympic,SideCavity,WesternRedCedar,182,4.0,37
Olympic,SideCavity,WesternRedCedar,238,2.0,40
Olympic,SideCavity,WesternRedCedar,170,2.0,40
Olympic,SideCavity,WesternRedCedar,143,2.0,41
Olympic,SideCavity,WesternRedCedar,215,2.0,42
Olympic,SideCavity,WesternRedCedar,168,2.0,42
Olympic,SideCavity,WesternRedCedar,134,2.0,42
Olympic,SideCavity,WesternRedCedar,193,2.0,45
Olympic,SideCavity,WesternRedCedar,240,2.0,46
Olympic,SideCavity,WesternRedCedar,300,2.0,47
Olympic,SideCavity,WesternRedCedar,180,2.0,47
Olympic,SideCavity,WesternRedCedar,175,2.0,47
Olympic,SideCavity,WesternRedCedar,159,3.0,47
Olympic,SideCavity,WesternRedCedar,278,2.0,48
Olympic,SideCavity,WesternRedCedar,165,2.0,49
Olympic,SideCavity,WesternRedCedar,300,2.0,50
Olympic,SideCavity,WesternRedCedar,360,2.0,51
Olympic,SideCavity,WesternRedCedar,189,2.0,51
Olympic,SideCavity,WesternRedCedar,280,2.0,52
Olympic,SideCavity,WesternRedCedar,179,2.0,52
Olympic,SideCavity,WesternRedCedar,379,2.0,53
Olympic,SideCavity,WesternRedCedar,314,2.0,53
Olympic,SideCavity,WesternRedCedar,313,2.0,53
Olympic,SideCavity,WesternRedCedar,285,2.0,53
Olympic,SideCavity,WesternRedCedar,150,2.0,53
Olympic,SideCavity,WesternRedCedar,105,2.0,53
Olympic,SideCavity,WesternRedCedar,222,2.0,54
Olympic,SideCavity,WesternRedCedar,98,4.0,54
Olympic,SideCavity,WesternRedCedar,272,2.0,57
Olympic,SideCavity,WesternRedCedar,320,2.0,58
Olympic,SideCavity,WesternRedCedar,300,2.0,58
Olympic,SideCavity,WesternRedCedar,205,2.0,59
Olympic,SideCavity,WesternRedCedar,267,2.0,61
Olympic,SideCavity,WesternRedCedar,160,2.0,61
Olympic,SideCavity,WesternRedCedar,268,2.0,67
Olympic,SideCavity,Other,100,2.0,28
Olympic,SideCavity,Other,195,1.0,42
Olympic,SideCavity,Other,133,2.0,51
Interior,SideCavity,DouglasFir,95,,30
Interior,SideCavity,WesternHemlock,138,,30
Interior,SideCavity,WesternHemlock,125,,33
Interior,SideCavity,WesternHemlock,102,,27
Interior,SideCavity,WesternRedCedar,145,,32
Interior,SideCavity,WesternRedCedar,99,,25
CoastN,SideCavity,DouglasFir,130,2.0,30
CoastN,SideCavity,DouglasFir,122,2.0,36
CoastN,SideCavity,DouglasFir,88,6.0,27
CoastN,SideCavity,DouglasFir,188,2.0,40
CoastN,SideCavity,DouglasFir,93,1.0,56
CoastN,SideCavity,DouglasFir,118,2.0,37
CoastN,SideCavity,DouglasFir,170,2.0,34
CoastN,SideCavity,DouglasFir,183,2.0,33
CoastN,SideCavity,DouglasFir,181,2.0,56
CoastN,SideCavity,DouglasFir,167,1.0,56
CoastN,SideCavity,DouglasFir,144,2.0,42
CoastN,SideCavity,DouglasFir,123,2.0,26
CoastN,SideCavity,DouglasFir,130,1.0,52
CoastN,SideCavity,DouglasFir,147,2.0,38
CoastN,SideCavity,DouglasFir,107,2.0,20
CoastN,SideCavity,DouglasFir,145,2.0,40
CoastN,SideCavity,DouglasFir,109,7.0,20
CoastN,SideCavity,DouglasFir,61,4.0,16
CoastN,SideCavity,DouglasFir,106,4.0,19
CoastN,SideCavity,DouglasFir,105,7.0,19
CoastN,SideCavity,DouglasFir,107,4.0,24
CoastN,SideCavity,DouglasFir,163,1.0,50
CoastN,SideCavity,DouglasFir,139,6.0,41
CoastN,SideCavity,DouglasFir,145,2.0,52
CoastN,SideCavity,DouglasFir,187,2.0,56
CoastN,SideCavity,DouglasFir,202,2.0,58
CoastN,SideCavity,DouglasFir,96,6.0,12
CoastN,SideCavity,DouglasFir,159,3.0,34
CoastN,SideCavity,DouglasFir,138,3.0,38
CoastN,SideCavity,DouglasFir,144,2.0,31
CoastN,SideCavity,DouglasFir,136,2.0,45
CoastN,SideCavity,DouglasFir,135,2.0,35
CoastN,SideCavity,DouglasFir,189,2.0,56
CoastN,SideCavity,DouglasFir,157,6.0,30
CoastN,SideCavity,DouglasFir,147,1.0,60
CoastN,SideCavity,DouglasFir,120,7.0,8
CoastN,SideCavity,DouglasFir,170,2.0,36
CoastN,SideCavity,DouglasFir,95,7.0,9
CoastN,SideCavity,DouglasFir,130,2.0,40
CoastN,SideCavity,DouglasFir,83,2.0,39
CoastN,SideCavity,DouglasFir,61,2.0,25
CoastN,SideCavity,DouglasFir,164,2.0,70
CoastN,SideCavity,DouglasFir,155,2.0,46
CoastN,SideCavity,DouglasFir,198,2.0,54
CoastN,SideCavity,DouglasFir,124,1.0,43
CoastN,SideCavity,DouglasFir,203,2.0,69
CoastN,SideCavity,DouglasFir,152,2.0,48
CoastN,SideCavity,DouglasFir,142,1.0,59
CoastN,SideCavity,DouglasFir,217,7.0,35
CoastN,SideCavity,DouglasFir,155,7.0,13
CoastN,SideCavity,DouglasFir,162,6.0,27
CoastN,SideCavity,DouglasFir,176,2.0,40
CoastN,SideCavity,DouglasFir,148,5.0,50
CoastN,SideCavity,DouglasFir,186,2.0,60
CoastN,SideCavity,DouglasFir,183,2.0,53
CoastN,SideCavity,DouglasFir,161,1.0,55
CoastN,SideCavity,DouglasFir,196,2.0,48
CoastN,SideCavity,DouglasFir,166,1.0,56
CoastN,SideCavity,DouglasFir,141,6.0,34
CoastN,SideCavity,DouglasFir,169,2.0,49
CoastN,SideCavity,DouglasFir,201,2.0,46
CoastN,SideCavity,DouglasFir,167,2.0,45
CoastN,SideCavity,DouglasFir,74,2.0,27
CoastN,SideCavity,DouglasFir,154,2.0,38
CoastN,SideCavity,WesternHemlock,83,2.0,39
CoastN,SideCavity,WesternHemlock,114,3.0,44
CoastN,SideCavity,WesternHemlock,75,3.0,32
CoastN,SideCavity,WesternHemlock,126,1.0,54
CoastN,SideCavity,WesternRedCedar,152,2.0,25
CoastN,SideCavity,WesternRedCedar,168,1.0,40
CoastN,SideCavity,WesternRedCedar,151,2.0,46
CoastN,SideCavity,WesternRedCedar,96,6.0,16
CoastN,SideCavity,WesternRedCedar,147,6.0,18
CoastN,SideCavity,WesternRedCedar,89,6.0,17
CoastN,SideCavity,WesternRedCedar,107,2.0,41
CoastN,SideCavity,WesternRedCedar,130,2.0,44
CoastN,SideCavity,WesternRedCedar,168,6.0,22
CoastN,SideCavity,WesternRedCedar,222,2.0,50
CoastN,SideCavity,WesternRedCedar,179,2.0,48
CoastN,SideCavity,WesternRedCedar,213,2.0,49
CoastN,SideCavity,WesternRedCedar,83,6.0,30
CoastN,SideCavity,WesternRedCedar,183,5.0,38
CoastN,SideCavity,WesternRedCedar,156,5.0,49
CoastN,SideCavity,WesternRedCedar,233,2.0,49
CoastN,SideCavity,WesternRedCedar,79,5.0,26
CoastN,SideCavity,WesternRedCedar,145,2.0,35
CoastN,SideCavity,WesternRedCedar,108,6.0,28
CoastN,SideCavity,WesternRedCedar,136,5.0,39
CoastN,SideCavity,WesternRedCedar,129,5.0,42
CoastN,SideCavity,WesternRedCedar,127,2.0,45
CoastN,SideCavity,WesternRedCedar,199,2.0,37
CoastN,SideCavity,WesternRedCedar,138,2.0,43
CoastN,SideCavity,Other,85,1.0,29
CoastN,SideCavity,Other,67,2.0,20
CoastN,SideCavity,Other,124,1.0,30
CoastN,SideCavity,Other,110,2.0,32
CoastS,SideCavity,DouglasFir,152,1.0,18
CoastS,SideCavity,DouglasFir,142,1.0,18
CoastS,SideCavity,DouglasFir,122,1.0,26
CoastS,SideCavity,DouglasFir,137,1.0,29
CoastS,SideCavity,DouglasFir,99,1.0,30
CoastS,SideCavity,DouglasFir,135,1.0,30
CoastS,SideCavity,DouglasFir,112,1.0,30
CoastS,SideCavity,DouglasFir,147,1.0,30
CoastS,SideCavity,DouglasFir,84,1.0,31
CoastS,SideCavity,DouglasFir,122,1.0,32
CoastS,SideCavity,DouglasFir,109,1.0,34
CoastS,SideCavity,DouglasFir,94,1.0,40
CoastS,SideCavity,DouglasFir,132,1.0,43
CoastS,SideCavity,DouglasFir,54,1.0,44
CoastS,SideCavity,DouglasFir,145,1.0,48
CoastS,SideCavity,DouglasFir,127,1.0,49
CoastS,SideCavity,DouglasFir,117,1.0,49
CoastS,SideCavity,DouglasFir,141,1.0,52
CoastS,SideCavity,DouglasFir,145,1.0,60
CoastS,SideCavity,DouglasFir,94,2.0,21
CoastS,SideCavity,DouglasFir,98,2.0,24
CoastS,SideCavity,DouglasFir,127,2.0,29
CoastS,SideCavity,DouglasFir,147,2.0,29
CoastS,SideCavity,DouglasFir,104,2.0,34
CoastS,SideCavity,DouglasFir,174,2.0,38
CoastS,SideCavity,DouglasFir,115,2.0,40
CoastS,SideCavity,DouglasFir,104,2.0,49
CoastS,SideCavity,DouglasFir,144,2.0,52
CoastS,SideCavity,DouglasFir,131,2.0,55
CoastS,SideCavity,DouglasFir,131,3.0,13
CoastS,SideCavity,DouglasFir,91,3.0,18
CoastS,SideCavity,DouglasFir,132,3.0,23
CoastS,SideCavity,DouglasFir,134,3.0,30
CoastS,SideCavity,DouglasFir,140,3.0,30
CoastS,SideCavity,DouglasFir,147,3.0,41
CoastS,SideCavity,DouglasFir,147,4.0,14
CoastS,SideCavity,DouglasFir,150,4.0,26
CoastS,SideCavity,DouglasFir,112,4.0,32
CoastS,SideCavity,DouglasFir,123,4.0,44
CoastS,SideCavity,DouglasFir,61,6.0,9
CoastS,SideCavity,DouglasFir,84,6.0,16
CoastS,SideCavity,DouglasFir,198,2.0,54
CoastS,SideCavity,DouglasFir,75,6.0,23
CoastS,SideCavity,DouglasFir,201,2.0,53
CoastS,SideCavity,DouglasFir,61,2.0,25
CoastS,SideCavity,DouglasFir,130,2.0,40
CoastS,SideCavity,DouglasFir,103,2.0,40
CoastS,SideCavity,DouglasFir,107,4.0,24
CoastS,SideCavity,DouglasFir,165,7.0,23
CoastS,SideCavity,DouglasFir,154,1.0,55
CoastS,SideCavity,DouglasFir,107,1.0,54
CoastS,SideCavity,DouglasFir,79,2.0,25
CoastS,SideCavity,DouglasFir,167,7.0,13
CoastS,SideCavity,DouglasFir,139,2.0,61
CoastS,SideCavity,DouglasFir,124,1.0,43
CoastS,SideCavity,DouglasFir,156,1.0,62
CoastS,SideCavity,DouglasFir,188,2.0,63
CoastS,SideCavity,DouglasFir,188,2.0,40
CoastS,SideCavity,DouglasFir,144,2.0,42
CoastS,SideCavity,DouglasFir,124,2.0,42
CoastS,SideCavity,DouglasFir,127,2.0,42
CoastS,SideCavity,DouglasFir,137,2.0,70
CoastS,SideCavity,DouglasFir,95,7.0,9
CoastS,SideCavity,DouglasFir,193,1.0,62
CoastS,SideCavity,DouglasFir,152,2.0,40
CoastS,SideCavity,DouglasFir,130,7.0,21
CoastS,SideCavity,DouglasFir,109,7.0,20
CoastS,SideCavity,DouglasFir,121,2.0,44
CoastS,SideCavity,DouglasFir,145,2.0,40
CoastS,SideCavity,DouglasFir,160,1.0,57
CoastS,SideCavity,DouglasFir,112,2.0,44
CoastS,SideCavity,DouglasFir,108,1.0,39
CoastS,SideCavity,DouglasFir,106,4.0,19
CoastS,SideCavity,DouglasFir,105,7.0,19
CoastS,SideCavity,DouglasFir,107,2.0,20
CoastS,SideCavity,DouglasFir,142,2.0,46
CoastS,SideCavity,DouglasFir,138,3.0,38
CoastS,SideCavity,DouglasFir,156,2.0,47
CoastS,SideCavity,DouglasFir,63,1.0,50
CoastS,SideCavity,DouglasFir,188,2.0,34
CoastS,SideCavity,DouglasFir,166,2.0,36
CoastS,SideCavity,DouglasFir,182,2.0,50
CoastS,SideCavity,DouglasFir,143,2.0,30
CoastS,SideCavity,DouglasFir,163,2.0,30
CoastS,SideCavity,DouglasFir,107,2.0,38
CoastS,SideCavity,DouglasFir,50,2.0,31
CoastS,SideCavity,DouglasFir,183,2.0,29
CoastS,SideCavity,DouglasFir,140,2.0,46
CoastS,SideCavity,DouglasFir,140,2.0,48
CoastS,SideCavity,DouglasFir,155,2.0,47
CoastS,SideCavity,DouglasFir,123,2.0,36
CoastS,SideCavity,DouglasFir,152,2.0,48
CoastS,SideCavity,DouglasFir,141,6.0,34
CoastS,SideCavity,DouglasFir,131,2.0,34
CoastS,SideCavity,DouglasFir,118,2.0,37
CoastS,SideCavity,DouglasFir,151,2.0,49
CoastS,SideCavity,DouglasFir,142,2.0,49
CoastS,SideCavity,DouglasFir,123,2.0,33
CoastS,SideCavity,DouglasFir,121,2.0,49
CoastS,SideCavity,DouglasFir,170,2.0,34
CoastS,SideCavity,DouglasFir,130,6.0,27
CoastS,SideCavity,DouglasFir,130,1.0,39
CoastS,SideCavity,DouglasFir,123,2.0,26
CoastS,SideCavity,DouglasFir,74,2.0,27
CoastS,SideCavity,DouglasFir,194,2.0,47
CoastS,SideCavity,DouglasFir,145,2.0,53
CoastS,SideCavity,DouglasFir,136,2.0,45
CoastS,SideCavity,DouglasFir,77,1.0,28
CoastS,SideCavity,DouglasFir,154,2.0,38
CoastS,SideCavity,DouglasFir,130,1.0,52
CoastS,SideCavity,DouglasFir,147,2.0,29
CoastS,SideCavity,DouglasFir,201,2.0,51
CoastS,SideCavity,DouglasFir,147,2.0,38
CoastS,SideCavity,DouglasFir,147,2.0,45
CoastS,SideCavity,DouglasFir,145,2.0,52
CoastS,SideCavity,DouglasFir,107,2.0,35
CoastS,SideCavity,WesternHemlock,98,2.0,51
CoastS,SideCavity,WesternHemlock,83,2.0,39
CoastS,SideCavity,WesternRedCedar,89,6.0,17
CoastS,SideCavity,WesternRedCedar,138,2.0,43
CoastS,SideCavity,WesternRedCedar,147,6.0,18
CoastS,SideCavity,WesternRedCedar,168,1.0,40
CoastS,SideCavity,WesternRedCedar,130,2.0,44
CoastS,SideCavity,WesternRedCedar,101,1.0,30
CoastS,SideCavity,WesternRedCedar,158,2.0,37
CoastS,SideCavity,WesternRedCedar,94,1.0,53
CoastS,SideCavity,WesternRedCedar,140,2.0,38
CoastS,SideCavity,Other,61,1.0,21
CoastS,SideCavity,Other,58,1.0,23
CoastS,SideCavity,Other,72,1.0,23
CoastS,SideCavity,Other,67,2.0,20
CoastS,SideCavity,Other,82,1.0,21
CoastS,SideCavity,Other,157,1.0,49
CoastS,SideCavity,Other,85,1.0,29
